{
    "closed_eye_slider": {
        "1.0.0": {
            "created": "2020-06-26 10:37:59",
            "developer": "Paxton Gerrish",
            "email": "paxtongerrish@gmail.com",
            "notes": "Saving v1 for old rig compatibility",
            "path": "/face_panel_objects/closed_eye_slider/closed_eye_slider_1.0.0/closed_eye_slider.py"
        },
        "2.0.0": {
            "created": "2020-06-28 22:34:10",
            "developer": "Paxton Gerrish",
            "email": "paxtongerrish@gmail.com",
            "notes": "Saving v1 for old rig compatibility",
            "path": "/face_panel_objects/closed_eye_slider/closed_eye_slider_2.0.0/closed_eye_slider.py"
        }
    },
    "dynamic_fk_chain": {
        "1.0.0": {
            "created": "2020-06-04 15:35:20",
            "developer": "Paxton Gerrish",
            "email": "paxtongerrish@gmail.com",
            "notes": "Spline IK up-vectors are wrong so we need to version up.  This version is to support legacy (RCL mostly) rigs",
            "path": "/dynamic_parts/dynamic_fk_chain/dynamic_fk_chain_1.0.0/dynamic_fk_chain.py"
        },
        "2.0.0": {
            "created": "2020-05-19 10:21:49",
            "developer": "Paxton Gerrish",
            "email": "paxtongerrish@gmail.com",
            "notes": "fixed Spline IK up-vectors.",
            "path": "/dynamic_parts/dynamic_fk_chain/dynamic_fk_chain_2.0.0/dynamic_fk_chain.py"
        },
        "3.0.0": {
            "created": "2020-06-18 16:06:41",
            "developer": "Paxton Gerrish",
            "email": "paxtongerrish@gmail.com",
            "notes": "fixed Spline IK up-vectors.",
            "path": "/dynamic_parts/dynamic_fk_chain/dynamic_fk_chain_3.0.0/dynamic_fk_chain.py"
        }
    },
    "eye": {
        "1.0.0": {
            "created": "2020-06-30 16:48:48",
            "developer": "Eldon Derksen",
            "email": "eldond@iconcreativestudio.com",
            "notes": "Changing dimensions.",
            "path": "/biped_objects/eye/eye_1.0.0/eye.py"
        },
        "2.0.0": {
            "created": "2020-06-30 17:11:38",
            "developer": "Eldon Derksen",
            "email": "eldond@iconcreativestudio.com",
            "notes": "Changing dimensions.",
            "path": "/biped_objects/eye/eye_2.0.0/eye.py"
        }
    },
    "eye_array": {
        "1.0.0": {
            "created": "2020-06-30 16:48:48",
            "developer": "Eldon Derksen",
            "email": "eldond@iconcreativestudio.com",
            "notes": "Changing dimensions.",
            "path": "/biped_objects/eye_array/eye_array_1.0.0/eye_array.py"
        }
    },
    "projection_eyes": {
        "1.0.0": {
            "created": "2020-06-30 16:48:48",
            "developer": "Eldon Derksen",
            "email": "eldond@iconcreativestudio.com",
            "notes": "Changing dimensions.",
            "path": "/biped_objects/projection_eyes/projection_eyes_1.0.0/projection_eyes.py"
        },
        "2.0.0": {
            "created": "2020-06-30 17:11:38",
            "developer": "Eldon Derksen",
            "email": "eldond@iconcreativestudio.com",
            "notes": "Changing dimensions.",
            "path": "/biped_objects/projection_eyes/projection_eyes_2.0.0/projection_eyes.py"
        }
    }
}