{
    "base_type": "ContainerGuide",
    "deformation_rig_enabled": true,
    "delete_geometry_names": [],
    "finalize_scripts": [],
    "geometry_paths": [],
    "index": null,
    "klass": "CharacterGuide",
    "module": "rig_factory.objects.part_objects.character",
    "name": "character",
    "node_type": "transform",
    "origin_geometry_data": {},
    "parent_joint_names": [],
    "parts": [],
    "post_scripts": [],
    "pretty_name": "Character",
    "rig_data": {},
    "root_name": "Character",
    "side": null,
    "size": 1.0,
    "skin_clusters": [],
    "utility_geometry_paths": [],
    "uuid": "2d2ab00b-f013-4f27-b6ae-0b9c23f2a873"
}