{
    "base_type": "ContainerGuide",
    "custom_handles": false,
    "deformation_rig_enabled": true,
    "delete_geometry_names": [],
    "differentiation_name": null,
    "finalize_scripts": [],
    "functionality_name": null,
    "geometry_paths": [],
    "index": null,
    "klass": "QuadrupedGuide",
    "metadata": {},
    "module": "rig_factory.objects.quadruped_objects.quadruped",
    "name": "Body_Container",
    "node_type": "transform",
    "origin_geometry_data": {},
    "parent_joint_data": {
        "joint_count": 46,
        "joint_data": [
            [
                "C_Main_Part",
                null,
                null
            ],
            [
                "C_Spine_Part",
                "C_Main_Ground_Jnt",
                1
            ],
            [
                "C_Neck_Part",
                "C_Spine_ChestEnd_Jnt",
                7
            ],
            [
                "L_BackLeg_Part",
                "C_Spine_Hip_Jnt",
                3
            ],
            [
                "R_BackLeg_Part",
                "C_Spine_Hip_Jnt",
                3
            ],
            [
                "L_FrontLeg_Part",
                "C_Spine_ChestEnd_Jnt",
                7
            ],
            [
                "R_FrontLeg_Part",
                "C_Spine_ChestEnd_Jnt",
                7
            ],
            [
                "C_Tail_Part",
                "C_Spine_Hip_Jnt",
                3
            ]
        ]
    },
    "parts": [
        {
            "base_type": "PartGuide",
            "color": null,
            "differentiation_name": null,
            "functionality_name": null,
            "handle_positions": {
                "C_Main_Cog_Ctrl": [
                    0.0,
                    0.0,
                    0.0
                ],
                "C_Main_Part_Ctrl": [
                    0.0,
                    0.0,
                    0.0
                ]
            },
            "handle_vertices": {
                "C_Main_Cog_Ctrl": [],
                "C_Main_Part_Ctrl": []
            },
            "index": null,
            "index_handle_positions": [
                [
                    0.0,
                    0.0,
                    0.0
                ],
                [
                    0.0,
                    0.0,
                    0.0
                ]
            ],
            "klass": "MainGuide",
            "matrices": [
                [
                    1.0,
                    0.0,
                    0.0,
                    0.0,
                    0.0,
                    1.0,
                    0.0,
                    0.0,
                    0.0,
                    0.0,
                    1.0,
                    0.0,
                    0.0,
                    0.0,
                    0.0,
                    1.0
                ],
                [
                    1.0,
                    0.0,
                    0.0,
                    0.0,
                    0.0,
                    1.0,
                    0.0,
                    0.0,
                    0.0,
                    0.0,
                    1.0,
                    0.0,
                    0.0,
                    0.0,
                    0.0,
                    1.0
                ],
                [
                    1.0,
                    0.0,
                    0.0,
                    0.0,
                    0.0,
                    1.0,
                    0.0,
                    0.0,
                    0.0,
                    0.0,
                    1.0,
                    0.0,
                    0.0,
                    0.0,
                    0.0,
                    1.0
                ]
            ],
            "module": "rig_factory.objects.part_objects.main",
            "name": "C_Main_Part",
            "node_type": "transform",
            "pretty_name": "Part",
            "rig_data": {},
            "root_name": "Main",
            "segment_name": "Part",
            "side": "center",
            "size": 15.0,
            "toggle_class": "Main",
            "uuid": "9bf33d0e-169a-4371-be50-cdb383910096"
        },
        {
            "base_type": "PartGuide",
            "color": null,
            "count": 5,
            "differentiation_name": null,
            "functionality_name": null,
            "handle_positions": {
                "C_Spine_A_Ctrl": [
                    0.0,
                    42.97640262276507,
                    -21.831716811935628
                ],
                "C_Spine_B_Ctrl": [
                    0.0,
                    41.419851628753115,
                    -4.523229827924573
                ],
                "C_Spine_ChestEnd_Ctrl": [
                    0.0,
                    43.00280600758328,
                    19.239396816311938
                ],
                "C_Spine_Chest_Ctrl": [
                    0.0,
                    41.760174321966154,
                    11.055797777186267
                ],
                "C_Spine_Hip_Ctrl": [
                    0.0,
                    42.11840211648081,
                    -27.73021840701623
                ],
                "C_Spine_Hip_UpVector_Ctrl": [
                    0.0,
                    67.02037403152879,
                    -34.52370543306248
                ]
            },
            "handle_vertices": {
                "C_Spine_A_Ctrl": [],
                "C_Spine_B_Ctrl": [],
                "C_Spine_ChestEnd_Ctrl": [],
                "C_Spine_Chest_Ctrl": [],
                "C_Spine_Hip_Ctrl": [],
                "C_Spine_Hip_UpVector_Ctrl": []
            },
            "index": null,
            "index_handle_positions": [
                [
                    0.0,
                    67.02037403152879,
                    -34.52370543306248
                ],
                [
                    0.0,
                    42.11840211648081,
                    -27.73021840701623
                ],
                [
                    0.0,
                    42.97640262276507,
                    -21.831716811935628
                ],
                [
                    0.0,
                    41.419851628753115,
                    -4.523229827924573
                ],
                [
                    0.0,
                    41.760174321966154,
                    11.055797777186267
                ],
                [
                    0.0,
                    43.00280600758328,
                    19.239396816311938
                ]
            ],
            "joint_count": 9,
            "klass": "QuadrupedSpineGuide",
            "matrices": [
                [
                    1.0,
                    0.0,
                    0.0,
                    0.0,
                    0.0,
                    0.14394586506425588,
                    0.9895855637239778,
                    0.0,
                    0.0,
                    -0.9895855637239778,
                    0.14394586506425588,
                    0.0,
                    0.0,
                    42.11840211648081,
                    -27.73021840701623,
                    1.0
                ],
                [
                    1.0,
                    0.0,
                    0.0,
                    0.0,
                    0.0,
                    -0.0895684700100498,
                    0.995980667071434,
                    0.0,
                    0.0,
                    -0.995980667071434,
                    -0.0895684700100498,
                    0.0,
                    0.0,
                    42.97640262276508,
                    -21.831716811935628,
                    1.0
                ],
                [
                    1.0,
                    0.0,
                    0.0,
                    0.0,
                    0.0,
                    0.021839714888761977,
                    0.9997614849820817,
                    0.0,
                    0.0,
                    -0.9997614849820817,
                    0.021839714888761977,
                    0.0,
                    0.0,
                    41.41985162875311,
                    -4.523229827924574,
                    1.0
                ],
                [
                    1.0,
                    0.0,
                    0.0,
                    0.0,
                    0.0,
                    0.1501233475024677,
                    0.9886672749386687,
                    0.0,
                    0.0,
                    -0.9886672749386687,
                    0.1501233475024677,
                    0.0,
                    0.0,
                    41.76017432196615,
                    11.05579777718627,
                    1.0
                ],
                [
                    1.0,
                    0.0,
                    0.0,
                    0.0,
                    0.0,
                    0.1501233475024677,
                    0.9886672749386687,
                    0.0,
                    0.0,
                    -0.9886672749386687,
                    0.1501233475024677,
                    0.0,
                    0.0,
                    43.00280600758328,
                    19.239396816311938,
                    1.0
                ]
            ],
            "module": "rig_factory.objects.quadruped_objects.quadruped_spine",
            "name": "C_Spine_Part",
            "node_type": "transform",
            "pretty_name": "Part",
            "rig_data": {},
            "root_name": "Spine",
            "segment_name": "Part",
            "segment_names": [
                "Hip",
                "A",
                "B",
                "Chest",
                "ChestEnd"
            ],
            "side": "center",
            "size": 15.0,
            "toggle_class": "QuadrupedSpine",
            "uuid": "a8dc1f05-1573-4f25-8cf7-3f04a64a961c"
        },
        {
            "base_type": "PartGuide",
            "color": null,
            "count": 5,
            "differentiation_name": null,
            "functionality_name": null,
            "handle_positions": {
                "C_Neck_A_Ctrl": [
                    0.0,
                    45.519134174692525,
                    20.505838142918435
                ],
                "C_Neck_A_UpVector_Ctrl": [
                    0.0,
                    59.58322418169149,
                    15.532861368300306
                ],
                "C_Neck_B_Ctrl": [
                    0.0,
                    47.380607724162516,
                    23.440260006257112
                ],
                "C_Neck_C_Ctrl": [
                    0.0,
                    52.21947856048636,
                    28.068562466152514
                ],
                "C_Neck_D_Ctrl": [
                    0.00018,
                    57.24145296027565,
                    33.503365074764915
                ],
                "C_Neck_E_Ctrl": [
                    0.0001,
                    58.56744457267046,
                    37.1675335254642
                ]
            },
            "handle_vertices": {
                "C_Neck_A_Ctrl": [],
                "C_Neck_A_UpVector_Ctrl": [],
                "C_Neck_B_Ctrl": [],
                "C_Neck_C_Ctrl": [],
                "C_Neck_D_Ctrl": [],
                "C_Neck_E_Ctrl": []
            },
            "head_matrix": [
                9.911103090606177,
                0.0,
                0.0,
                0.0,
                0.0,
                9.911103090606177,
                0.0,
                0.0,
                0.0,
                0.0,
                9.911103090606177,
                0.0,
                0.0,
                -7.105427357601002e-15,
                3.0529483664085433,
                1.0
            ],
            "index": null,
            "index_handle_positions": [
                [
                    0.0,
                    59.58322418169149,
                    15.532861368300306
                ],
                [
                    0.0,
                    45.519134174692525,
                    20.505838142918435
                ],
                [
                    0.0,
                    47.380607724162516,
                    23.440260006257112
                ],
                [
                    0.0,
                    52.21947856048636,
                    28.068562466152514
                ],
                [
                    0.00018,
                    57.24145296027565,
                    33.503365074764915
                ],
                [
                    0.0001,
                    58.56744457267046,
                    37.1675335254642
                ]
            ],
            "joint_count": 9,
            "klass": "QuadrupedNeckFkSplineGuide",
            "matrices": [
                [
                    1.0,
                    0.0,
                    0.0,
                    0.0,
                    0.0,
                    0.5356693995531824,
                    0.8444277911001823,
                    0.0,
                    0.0,
                    -0.8444277911001823,
                    0.5356693995531824,
                    0.0,
                    0.0,
                    45.519134174692525,
                    20.505838142918435,
                    1.0
                ],
                [
                    1.0,
                    0.0,
                    0.0,
                    0.0,
                    0.0,
                    0.7226554851950987,
                    0.6912083981820798,
                    0.0,
                    0.0,
                    -0.6912083981820798,
                    0.7226554851950987,
                    0.0,
                    0.0,
                    47.380607724162516,
                    23.440260006257102,
                    1.0
                ],
                [
                    0.9999999997038673,
                    -1.7059697770218406e-05,
                    -1.7356036873728925e-05,
                    0.0,
                    2.4324922615698205e-05,
                    0.678661881404963,
                    0.7344508493671814,
                    0.0,
                    -7.506288788255358e-07,
                    -0.7344508495718708,
                    0.6786618816189649,
                    0.0,
                    0.0,
                    52.21947856048636,
                    28.068562466152517,
                    1.0
                ],
                [
                    0.9999999979050944,
                    6.470936754487878e-05,
                    -1.5840098111119554e-06,
                    0.0,
                    -2.0530115614440386e-05,
                    0.34028451382804564,
                    0.9403225240455133,
                    0.0,
                    6.138668982766232e-05,
                    -0.9403225220431065,
                    0.34028451444367264,
                    0.0,
                    0.00018,
                    57.241452960275645,
                    33.503365074764915,
                    1.0
                ],
                [
                    0.9999999979050944,
                    6.470936754487878e-05,
                    -1.5840098111119554e-06,
                    0.0,
                    -2.0530115614440386e-05,
                    0.34028451382804564,
                    0.9403225240455133,
                    0.0,
                    6.138668982766232e-05,
                    -0.9403225220431065,
                    0.34028451444367264,
                    0.0,
                    0.0001000000000000008,
                    58.567444572670446,
                    37.1675335254642,
                    1.0
                ]
            ],
            "module": "rig_factory.objects.quadruped_objects.quadruped_neck_fk_spline",
            "name": "C_Neck_Part",
            "node_type": "transform",
            "pretty_name": "Part",
            "rig_data": {},
            "root_name": "Neck",
            "segment_name": "Part",
            "segment_names": [],
            "side": "center",
            "size": 5.0,
            "toggle_class": "QuadrupedNeckFkSpline",
            "uuid": "4e82e07b-9980-4e0b-9e8e-b1319e345178"
        },
        {
            "base_type": "PartGuide",
            "color": null,
            "count": 6,
            "differentiation_name": null,
            "functionality_name": null,
            "handle_positions": {
                "L_BackLeg_Ankle_Ctrl": [
                    4.5,
                    15.506937176208323,
                    -30.58682607813357
                ],
                "L_BackLeg_Base_Ctrl": [
                    2.19767,
                    40.20658,
                    -28.27977807684472
                ],
                "L_BackLeg_Base_UpVector_Ctrl": [
                    2.1976699829101562,
                    40.206581115722656,
                    -67.53450312273907
                ],
                "L_BackLeg_Foot_Ctrl": [
                    4.5,
                    2.5,
                    -24.21251179351472
                ],
                "L_BackLeg_Foot_UpVector_Ctrl": [
                    4.5,
                    10.676259458293858,
                    -20.828111043746404
                ],
                "L_BackLeg_Heel_Pivot_Ctrl": [
                    4.5,
                    0.0,
                    -27.442479045899262
                ],
                "L_BackLeg_Hip_Ctrl": [
                    4.5,
                    40.02642,
                    -28.147668076844717
                ],
                "L_BackLeg_Hip_UpVector_Ctrl": [
                    5.769220352172852,
                    26.75257682800293,
                    9.845445318621998
                ],
                "L_BackLeg_InFoot_Pivot_Ctrl": [
                    0.7377052060659128,
                    0.0,
                    -20.40968894958496
                ],
                "L_BackLeg_Knee_Ctrl": [
                    4.5,
                    26.75257698219313,
                    -21.80280201606659
                ],
                "L_BackLeg_OutFoot_Pivot_Ctrl": [
                    6.441258775421394,
                    0.0,
                    -20.40968894958496
                ],
                "L_BackLeg_Toe_Ctrl": [
                    4.5,
                    2.5,
                    -20.409688721641544
                ],
                "L_BackLeg_Toe_Pivot_Ctrl": [
                    3.3515739856528466,
                    0.0,
                    -18.615871500091075
                ]
            },
            "handle_vertices": {
                "L_BackLeg_Ankle_Ctrl": [],
                "L_BackLeg_Base_Ctrl": [],
                "L_BackLeg_Base_UpVector_Ctrl": [],
                "L_BackLeg_Foot_Ctrl": [],
                "L_BackLeg_Foot_UpVector_Ctrl": [],
                "L_BackLeg_Heel_Pivot_Ctrl": [],
                "L_BackLeg_Hip_Ctrl": [],
                "L_BackLeg_Hip_UpVector_Ctrl": [],
                "L_BackLeg_InFoot_Pivot_Ctrl": [],
                "L_BackLeg_Knee_Ctrl": [],
                "L_BackLeg_OutFoot_Pivot_Ctrl": [],
                "L_BackLeg_Toe_Ctrl": [],
                "L_BackLeg_Toe_Pivot_Ctrl": []
            },
            "index": null,
            "index_handle_positions": [
                [
                    2.19767,
                    40.20658,
                    -28.27977807684472
                ],
                [
                    4.5,
                    40.02642,
                    -28.147668076844717
                ],
                [
                    4.5,
                    26.75257698219313,
                    -21.80280201606659
                ],
                [
                    4.5,
                    15.506937176208323,
                    -30.58682607813357
                ],
                [
                    4.5,
                    2.5,
                    -24.21251179351472
                ],
                [
                    4.5,
                    2.5,
                    -20.409688721641544
                ],
                [
                    2.1976699829101562,
                    40.206581115722656,
                    -67.53450312273907
                ],
                [
                    5.769220352172852,
                    26.75257682800293,
                    9.845445318621998
                ],
                [
                    4.5,
                    10.676259458293858,
                    -20.828111043746404
                ],
                [
                    3.3515739856528466,
                    0.0,
                    -18.615871500091075
                ],
                [
                    4.5,
                    0.0,
                    -27.442479045899262
                ],
                [
                    0.7377052060659128,
                    0.0,
                    -20.40968894958496
                ],
                [
                    6.441258775421394,
                    0.0,
                    -20.40968894958496
                ]
            ],
            "klass": "QuadrupedBendyBackLegGuide",
            "matrices": [
                [
                    -0.07801268048675647,
                    -0.9969523668075974,
                    -2.8302048912798305e-08,
                    0.0,
                    0.9953250760234628,
                    -0.07788534471443631,
                    0.05711274916865265,
                    0.0,
                    -0.05693869266289174,
                    0.004455490482875388,
                    0.9983677347963513,
                    0.0,
                    2.19767,
                    40.20658,
                    -28.27977807684472,
                    1.0
                ],
                [
                    0.9990135604573971,
                    -0.019150694542983817,
                    -0.040064409651912984,
                    0.0,
                    -4.649058915617843e-16,
                    -0.9022266291790686,
                    0.4312622283485717,
                    0.0,
                    -0.04440614847332484,
                    -0.4308368142332975,
                    -0.9013366371556573,
                    0.0,
                    4.5,
                    40.02642,
                    -28.147668076844717,
                    1.0
                ],
                [
                    0.9987077046446484,
                    0.03128492439771238,
                    -0.04005214337395051,
                    0.0,
                    4.163336342344337e-17,
                    -0.7880798567542188,
                    -0.6155730170972816,
                    0.0,
                    -0.050822442714002325,
                    0.6147775149464066,
                    -0.7870614248156893,
                    0.0,
                    4.499999999999999,
                    26.752576982193126,
                    -21.802802016066593,
                    1.0
                ],
                [
                    0.9995270992461154,
                    -0.013532145332235707,
                    -0.027612658607127142,
                    0.0,
                    3.469446951953614e-17,
                    -0.8979653382461247,
                    0.44006618969028183,
                    0.0,
                    -0.030750249960715785,
                    -0.43985808205741794,
                    -0.8975406897607061,
                    0.0,
                    4.5,
                    15.506937176208327,
                    -30.586826078133576,
                    1.0
                ],
                [
                    1.0,
                    -3.469446951953614e-18,
                    -5.585809592645319e-16,
                    0.0,
                    4.753142324176451e-16,
                    -2.7755575615628914e-16,
                    1.0000000000000004,
                    0.0,
                    -1.9081958235744878e-16,
                    -1.0,
                    -3.3306690738754696e-16,
                    0.0,
                    4.5,
                    2.4999999999999947,
                    -24.212511793514714,
                    1.0
                ],
                [
                    1.0,
                    -3.469446951953614e-18,
                    -5.585809592645319e-16,
                    0.0,
                    4.753142324176451e-16,
                    -2.7755575615628914e-16,
                    1.0000000000000004,
                    0.0,
                    -1.9081958235744878e-16,
                    -1.0,
                    -3.3306690738754696e-16,
                    0.0,
                    4.5,
                    2.5,
                    -20.409688721641544,
                    1.0
                ]
            ],
            "module": "rig_factory.objects.quadruped_objects.quadruped_back_leg",
            "name": "L_BackLeg_Part",
            "node_type": "transform",
            "pole_distance": 20.0,
            "pretty_name": "Part",
            "rig_data": {},
            "root_name": "BackLeg",
            "segment_name": "Part",
            "segment_names": [
                "Base",
                "Hip",
                "Knee",
                "Ankle",
                "Foot",
                "Toe"
            ],
            "side": "left",
            "size": 4.0,
            "toggle_class": "QuadrupedBendyBackLeg",
            "uuid": "aa60cea8-3798-41ea-8ec0-0c82b1ecd375"
        },
        {
            "base_type": "PartGuide",
            "color": null,
            "count": 6,
            "differentiation_name": null,
            "functionality_name": null,
            "handle_positions": {
                "R_BackLeg_Ankle_Ctrl": [
                    -4.5,
                    15.506937176208323,
                    -30.58682607813357
                ],
                "R_BackLeg_Base_Ctrl": [
                    -2.19767,
                    40.20658,
                    -28.27977807684472
                ],
                "R_BackLeg_Base_UpVector_Ctrl": [
                    -2.1976699829101562,
                    40.206581115722656,
                    -67.53450312273907
                ],
                "R_BackLeg_Foot_Ctrl": [
                    -4.5,
                    2.5,
                    -24.21251179351472
                ],
                "R_BackLeg_Foot_UpVector_Ctrl": [
                    -4.5,
                    10.676259458293858,
                    -20.828111043746404
                ],
                "R_BackLeg_Heel_Pivot_Ctrl": [
                    -4.5,
                    0.0,
                    -27.442479045899262
                ],
                "R_BackLeg_Hip_Ctrl": [
                    -4.5,
                    40.02642,
                    -28.147668076844717
                ],
                "R_BackLeg_Hip_UpVector_Ctrl": [
                    -5.769220352172852,
                    26.75257682800293,
                    9.845445318621998
                ],
                "R_BackLeg_InFoot_Pivot_Ctrl": [
                    -0.7377052060659128,
                    0.0,
                    -20.40968894958496
                ],
                "R_BackLeg_Knee_Ctrl": [
                    -4.5,
                    26.75257698219313,
                    -21.80280201606659
                ],
                "R_BackLeg_OutFoot_Pivot_Ctrl": [
                    -6.441258775421394,
                    0.0,
                    -20.40968894958496
                ],
                "R_BackLeg_Toe_Ctrl": [
                    -4.5,
                    2.5,
                    -20.409688721641544
                ],
                "R_BackLeg_Toe_Pivot_Ctrl": [
                    -3.3515739856528466,
                    0.0,
                    -18.615871500091075
                ]
            },
            "handle_vertices": {
                "R_BackLeg_Ankle_Ctrl": [],
                "R_BackLeg_Base_Ctrl": [],
                "R_BackLeg_Base_UpVector_Ctrl": [],
                "R_BackLeg_Foot_Ctrl": [],
                "R_BackLeg_Foot_UpVector_Ctrl": [],
                "R_BackLeg_Heel_Pivot_Ctrl": [],
                "R_BackLeg_Hip_Ctrl": [],
                "R_BackLeg_Hip_UpVector_Ctrl": [],
                "R_BackLeg_InFoot_Pivot_Ctrl": [],
                "R_BackLeg_Knee_Ctrl": [],
                "R_BackLeg_OutFoot_Pivot_Ctrl": [],
                "R_BackLeg_Toe_Ctrl": [],
                "R_BackLeg_Toe_Pivot_Ctrl": []
            },
            "index": null,
            "index_handle_positions": [
                [
                    -2.19767,
                    40.20658,
                    -28.27977807684472
                ],
                [
                    -4.5,
                    40.02642,
                    -28.147668076844717
                ],
                [
                    -4.5,
                    26.75257698219313,
                    -21.80280201606659
                ],
                [
                    -4.5,
                    15.506937176208323,
                    -30.58682607813357
                ],
                [
                    -4.5,
                    2.5,
                    -24.21251179351472
                ],
                [
                    -4.5,
                    2.5,
                    -20.409688721641544
                ],
                [
                    -2.1976699829101562,
                    40.206581115722656,
                    -67.53450312273907
                ],
                [
                    -5.769220352172852,
                    26.75257682800293,
                    9.845445318621998
                ],
                [
                    -4.5,
                    10.676259458293858,
                    -20.828111043746404
                ],
                [
                    -3.3515739856528466,
                    0.0,
                    -18.615871500091075
                ],
                [
                    -4.5,
                    0.0,
                    -27.442479045899262
                ],
                [
                    -0.7377052060659128,
                    0.0,
                    -20.40968894958496
                ],
                [
                    -6.441258775421394,
                    0.0,
                    -20.40968894958496
                ]
            ],
            "klass": "QuadrupedBendyBackLegGuide",
            "matrices": [
                [
                    -0.07801268048675669,
                    0.9969523668075977,
                    2.8302049356887522e-08,
                    0.0,
                    0.9953250760234629,
                    0.0778853447144362,
                    -0.05711274916865271,
                    0.0,
                    -0.05693869266289183,
                    -0.004455490482874949,
                    -0.9983677347963518,
                    0.0,
                    -2.19767,
                    40.20658,
                    -28.27977807684472,
                    1.0
                ],
                [
                    0.999013560457397,
                    0.01915069454298363,
                    0.04006440965191304,
                    0.0,
                    -5.828670879282072e-16,
                    0.9022266291790688,
                    -0.4312622283485719,
                    0.0,
                    -0.04440614847332489,
                    0.43083681423329767,
                    0.9013366371556573,
                    0.0,
                    -4.500000000000002,
                    40.026420000000016,
                    -28.147668076844713,
                    1.0
                ],
                [
                    0.9987077046446501,
                    -0.031284924397691385,
                    0.04005214337392335,
                    0.0,
                    -2.0816681711721685e-17,
                    0.7880798567542191,
                    0.6155730170972815,
                    0.0,
                    -0.050822442713967755,
                    -0.6147775149464078,
                    0.7870614248156909,
                    0.0,
                    -4.500000000000001,
                    26.752576982193133,
                    -21.802802016066593,
                    1.0
                ],
                [
                    0.9995270992461152,
                    0.013532145332237188,
                    0.02761265860713087,
                    0.0,
                    2.7755575615628914e-17,
                    0.8979653382461248,
                    -0.4400661896902817,
                    0.0,
                    -0.030750249960719907,
                    0.43985808205741783,
                    0.8975406897607061,
                    0.0,
                    -4.5,
                    15.506937176208325,
                    -30.58682607813357,
                    1.0
                ],
                [
                    1.0,
                    -2.3765711620882257e-16,
                    7.667477763817487e-16,
                    0.0,
                    6.487865800153259e-16,
                    1.6653345369377348e-16,
                    -1.0000000000000004,
                    0.0,
                    -2.949029909160572e-16,
                    1.0000000000000002,
                    2.7755575615628914e-16,
                    0.0,
                    -4.499999999999999,
                    2.4999999999999964,
                    -24.212511793514725,
                    1.0
                ],
                [
                    1.0,
                    -2.3765711620882257e-16,
                    7.667477763817487e-16,
                    0.0,
                    6.487865800153259e-16,
                    1.6653345369377348e-16,
                    -1.0000000000000004,
                    0.0,
                    -2.949029909160572e-16,
                    1.0000000000000002,
                    2.7755575615628914e-16,
                    0.0,
                    -4.5,
                    2.5000000000000004,
                    -20.409688721641544,
                    1.0
                ]
            ],
            "module": "rig_factory.objects.quadruped_objects.quadruped_back_leg",
            "name": "R_BackLeg_Part",
            "node_type": "transform",
            "pole_distance": 20.0,
            "pretty_name": "Part",
            "rig_data": {},
            "root_name": "BackLeg",
            "segment_name": "Part",
            "segment_names": [
                "Base",
                "Hip",
                "Knee",
                "Ankle",
                "Foot",
                "Toe"
            ],
            "side": "right",
            "size": 4.0,
            "toggle_class": "QuadrupedBendyBackLeg",
            "uuid": "1fbfbe5d-b1f4-421d-95c4-9105b939cfaa"
        },
        {
            "base_type": "PartGuide",
            "color": null,
            "count": 6,
            "differentiation_name": null,
            "functionality_name": null,
            "handle_positions": {
                "L_FrontLeg_Ankle_Ctrl": [
                    6.7,
                    8.966007745527548,
                    16.43148794198154
                ],
                "L_FrontLeg_Base_Ctrl": [
                    7.821816123388494,
                    46.1893399847151,
                    15.505249923475594
                ],
                "L_FrontLeg_Base_UpVector_Ctrl": [
                    6.7967753410339355,
                    49.505383228501834,
                    36.837504852487285
                ],
                "L_FrontLeg_Foot_Ctrl": [
                    6.7,
                    2.0063798625294353,
                    19.698920941581868
                ],
                "L_FrontLeg_Foot_UpVector_Ctrl": [
                    6.7,
                    7.0145171334191545,
                    21.714860905307876
                ],
                "L_FrontLeg_Heel_Pivot_Ctrl": [
                    6.7967753410339355,
                    0.0,
                    15.145433962101887
                ],
                "L_FrontLeg_Hip_Ctrl": [
                    6.796775356434553,
                    36.98871742546775,
                    20.993058160099018
                ],
                "L_FrontLeg_Hip_UpVector_Ctrl": [
                    6.7,
                    34.879984956937406,
                    55.39060097501705
                ],
                "L_FrontLeg_InFoot_Pivot_Ctrl": [
                    3.6732798101028727,
                    0.0,
                    20.354790729661804
                ],
                "L_FrontLeg_Knee_Ctrl": [
                    6.796775356434553,
                    24.06114805613779,
                    14.23214966453358
                ],
                "L_FrontLeg_OutFoot_Pivot_Ctrl": [
                    10.11519585085602,
                    0.0,
                    20.354790729661804
                ],
                "L_FrontLeg_Toe_Ctrl": [
                    6.7,
                    1.9118881142803588,
                    24.673603305312902
                ],
                "L_FrontLeg_Toe_Pivot_Ctrl": [
                    6.7967753410339355,
                    0.0,
                    24.703184704888237
                ]
            },
            "handle_vertices": {
                "L_FrontLeg_Ankle_Ctrl": [],
                "L_FrontLeg_Base_Ctrl": [],
                "L_FrontLeg_Base_UpVector_Ctrl": [],
                "L_FrontLeg_Foot_Ctrl": [],
                "L_FrontLeg_Foot_UpVector_Ctrl": [],
                "L_FrontLeg_Heel_Pivot_Ctrl": [],
                "L_FrontLeg_Hip_Ctrl": [],
                "L_FrontLeg_Hip_UpVector_Ctrl": [],
                "L_FrontLeg_InFoot_Pivot_Ctrl": [],
                "L_FrontLeg_Knee_Ctrl": [],
                "L_FrontLeg_OutFoot_Pivot_Ctrl": [],
                "L_FrontLeg_Toe_Ctrl": [],
                "L_FrontLeg_Toe_Pivot_Ctrl": []
            },
            "index": null,
            "index_handle_positions": [
                [
                    7.821816123388494,
                    46.1893399847151,
                    15.505249923475594
                ],
                [
                    6.796775356434553,
                    36.98871742546775,
                    20.993058160099018
                ],
                [
                    6.796775356434553,
                    24.06114805613779,
                    14.23214966453358
                ],
                [
                    6.7,
                    8.966007745527548,
                    16.43148794198154
                ],
                [
                    6.7,
                    2.0063798625294353,
                    19.698920941581868
                ],
                [
                    6.7,
                    1.9118881142803588,
                    24.673603305312902
                ],
                [
                    6.7967753410339355,
                    49.505383228501834,
                    36.837504852487285
                ],
                [
                    6.7,
                    34.879984956937406,
                    55.39060097501705
                ],
                [
                    6.7,
                    7.0145171334191545,
                    21.714860905307876
                ],
                [
                    6.7967753410339355,
                    0.0,
                    24.703184704888237
                ],
                [
                    6.7967753410339355,
                    0.0,
                    15.145433962101887
                ],
                [
                    3.6732798101028727,
                    0.0,
                    20.354790729661804
                ],
                [
                    10.11519585085602,
                    0.0,
                    20.354790729661804
                ]
            ],
            "klass": "QuadrupedBendyBackLegGuide",
            "matrices": [
                [
                    0.9953755273382133,
                    -0.07537772120893764,
                    0.0595462737836843,
                    0.0,
                    -0.095247311609942,
                    -0.854926547468206,
                    0.5099299442719284,
                    0.0,
                    0.012470333085063241,
                    -0.5132434096795019,
                    -0.8581524883220386,
                    0.0,
                    7.821816123388494,
                    46.1893399847151,
                    15.505249923475594,
                    1.0
                ],
                [
                    0.9999952681210974,
                    -0.0014256665428058948,
                    0.002726024637331601,
                    0.0,
                    1.0408340855860843e-17,
                    -0.8861321256447199,
                    -0.4634326875613872,
                    0.0,
                    0.003076318483937435,
                    0.46343049465403025,
                    -0.8861279325748097,
                    0.0,
                    6.796775356434553,
                    36.988717425467755,
                    20.993058160099025,
                    1.0
                ],
                [
                    0.9999753644854069,
                    -0.005844467290328758,
                    0.0038874958996686446,
                    0.0,
                    -0.006343917435387888,
                    -0.9895321219598732,
                    0.14417327880423503,
                    0.0,
                    0.0030041860545986453,
                    -0.14419438897433895,
                    -0.9895448211447859,
                    0.0,
                    6.796775356434555,
                    24.061148056137778,
                    14.232149664533575,
                    1.0
                ],
                [
                    1.0,
                    1.565251834395598e-14,
                    3.320390837280307e-14,
                    0.0,
                    5.323432666903827e-17,
                    -0.9052034777160207,
                    0.4249784276064157,
                    0.0,
                    3.673363696554688e-14,
                    -0.42497842760641574,
                    -0.9052034777160207,
                    0.0,
                    6.699999999999998,
                    8.96600774552755,
                    16.431487941981537,
                    1.0
                ],
                [
                    1.0,
                    1.565251834395598e-14,
                    3.320390837280307e-14,
                    0.0,
                    -3.292541445000786e-14,
                    -0.01899110335353693,
                    0.9998196527341394,
                    0.0,
                    1.6287418515693075e-14,
                    -0.9998196527341394,
                    -0.018991103353536987,
                    0.0,
                    6.699999999999999,
                    2.0063798625294362,
                    19.698920941581868,
                    1.0
                ],
                [
                    1.0,
                    1.565251834395598e-14,
                    3.320390837280307e-14,
                    0.0,
                    -3.292541445000786e-14,
                    -0.01899110335353693,
                    0.9998196527341394,
                    0.0,
                    1.6287418515693075e-14,
                    -0.9998196527341394,
                    -0.018991103353536987,
                    0.0,
                    6.7,
                    1.9118881142803588,
                    24.673603305312902,
                    1.0
                ]
            ],
            "module": "rig_factory.objects.quadruped_objects.quadruped_back_leg",
            "name": "L_FrontLeg_Part",
            "node_type": "transform",
            "pole_distance": 20.0,
            "pretty_name": "Part",
            "rig_data": {},
            "root_name": "FrontLeg",
            "segment_name": "Part",
            "segment_names": [
                "Base",
                "Hip",
                "Knee",
                "Ankle",
                "Foot",
                "Toe"
            ],
            "side": "left",
            "size": 4.0,
            "toggle_class": "QuadrupedBendyBackLeg",
            "uuid": "6e815559-72d6-433d-bbe1-e1ce7a1689fd"
        },
        {
            "base_type": "PartGuide",
            "color": null,
            "count": 6,
            "differentiation_name": null,
            "functionality_name": null,
            "handle_positions": {
                "R_FrontLeg_Ankle_Ctrl": [
                    -6.7,
                    8.966007745527548,
                    16.43148794198154
                ],
                "R_FrontLeg_Base_Ctrl": [
                    -7.821816123388494,
                    46.1893399847151,
                    15.505249923475594
                ],
                "R_FrontLeg_Base_UpVector_Ctrl": [
                    -6.7967753410339355,
                    49.505383228501834,
                    36.837504852487285
                ],
                "R_FrontLeg_Foot_Ctrl": [
                    -6.7,
                    2.0063798625294353,
                    19.698920941581868
                ],
                "R_FrontLeg_Foot_UpVector_Ctrl": [
                    -6.7,
                    7.0145171334191545,
                    21.714860905307876
                ],
                "R_FrontLeg_Heel_Pivot_Ctrl": [
                    -6.7967753410339355,
                    0.0,
                    15.145433962101887
                ],
                "R_FrontLeg_Hip_Ctrl": [
                    -6.796775356434553,
                    36.98871742546775,
                    20.993058160099018
                ],
                "R_FrontLeg_Hip_UpVector_Ctrl": [
                    -6.7,
                    34.879984956937406,
                    55.39060097501705
                ],
                "R_FrontLeg_InFoot_Pivot_Ctrl": [
                    -3.6732798101028727,
                    0.0,
                    20.354790729661804
                ],
                "R_FrontLeg_Knee_Ctrl": [
                    -6.796775356434553,
                    24.06114805613779,
                    14.23214966453358
                ],
                "R_FrontLeg_OutFoot_Pivot_Ctrl": [
                    -10.11519585085602,
                    0.0,
                    20.354790729661804
                ],
                "R_FrontLeg_Toe_Ctrl": [
                    -6.7,
                    1.9118881142803588,
                    24.673603305312902
                ],
                "R_FrontLeg_Toe_Pivot_Ctrl": [
                    -6.7967753410339355,
                    0.0,
                    24.703184704888237
                ]
            },
            "handle_vertices": {
                "R_FrontLeg_Ankle_Ctrl": [],
                "R_FrontLeg_Base_Ctrl": [],
                "R_FrontLeg_Base_UpVector_Ctrl": [],
                "R_FrontLeg_Foot_Ctrl": [],
                "R_FrontLeg_Foot_UpVector_Ctrl": [],
                "R_FrontLeg_Heel_Pivot_Ctrl": [],
                "R_FrontLeg_Hip_Ctrl": [],
                "R_FrontLeg_Hip_UpVector_Ctrl": [],
                "R_FrontLeg_InFoot_Pivot_Ctrl": [],
                "R_FrontLeg_Knee_Ctrl": [],
                "R_FrontLeg_OutFoot_Pivot_Ctrl": [],
                "R_FrontLeg_Toe_Ctrl": [],
                "R_FrontLeg_Toe_Pivot_Ctrl": []
            },
            "index": null,
            "index_handle_positions": [
                [
                    -7.821816123388494,
                    46.1893399847151,
                    15.505249923475594
                ],
                [
                    -6.796775356434553,
                    36.98871742546775,
                    20.993058160099018
                ],
                [
                    -6.796775356434553,
                    24.06114805613779,
                    14.23214966453358
                ],
                [
                    -6.7,
                    8.966007745527548,
                    16.43148794198154
                ],
                [
                    -6.7,
                    2.0063798625294353,
                    19.698920941581868
                ],
                [
                    -6.7,
                    1.9118881142803588,
                    24.673603305312902
                ],
                [
                    -6.7967753410339355,
                    49.505383228501834,
                    36.837504852487285
                ],
                [
                    -6.7,
                    34.879984956937406,
                    55.39060097501705
                ],
                [
                    -6.7,
                    7.0145171334191545,
                    21.714860905307876
                ],
                [
                    -6.7967753410339355,
                    0.0,
                    24.703184704888237
                ],
                [
                    -6.7967753410339355,
                    0.0,
                    15.145433962101887
                ],
                [
                    -3.6732798101028727,
                    0.0,
                    20.354790729661804
                ],
                [
                    -10.11519585085602,
                    0.0,
                    20.354790729661804
                ]
            ],
            "klass": "QuadrupedBendyBackLegGuide",
            "matrices": [
                [
                    0.9953755273382133,
                    0.07537772120893849,
                    -0.05954627378368292,
                    0.0,
                    -0.09524731160994201,
                    0.8549265474682061,
                    -0.5099299442719282,
                    0.0,
                    0.012470333085061649,
                    0.5132434096795017,
                    0.8581524883220387,
                    0.0,
                    -7.821816123388494,
                    46.1893399847151,
                    15.505249923475594,
                    1.0
                ],
                [
                    0.9999952681210973,
                    0.0014256665428075644,
                    -0.0027260246373348573,
                    0.0,
                    3.2959746043559335e-17,
                    0.8861321256447198,
                    0.4634326875613874,
                    0.0,
                    0.0030763184839410866,
                    -0.4634304946540304,
                    0.8861279325748095,
                    0.0,
                    -6.796775356434553,
                    36.98871742546774,
                    20.993058160099018,
                    1.0
                ],
                [
                    0.9999753644854066,
                    0.005844467290320121,
                    -0.00388749589972768,
                    0.0,
                    -0.0063439174353878535,
                    0.9895321219598732,
                    -0.14417327880423436,
                    0.0,
                    0.003004186054658301,
                    0.14419438897433862,
                    0.9895448211447858,
                    0.0,
                    -6.796775356434553,
                    24.061148056137796,
                    14.232149664533587,
                    1.0
                ],
                [
                    0.9999999999999999,
                    -1.809381637574159e-14,
                    -3.8547724040549625e-14,
                    0.0,
                    -7.047314121155779e-18,
                    0.9052034777160206,
                    -0.4249784276064158,
                    0.0,
                    4.2597869676086475e-14,
                    0.4249784276064156,
                    0.9052034777160206,
                    0.0,
                    -6.699999999999999,
                    8.96600774552755,
                    16.43148794198154,
                    1.0
                ],
                [
                    0.9999999999999999,
                    -1.809381637574159e-14,
                    -3.8547724040549625e-14,
                    0.0,
                    -3.8212101915588036e-14,
                    0.018991103353537042,
                    -0.9998196527341394,
                    0.0,
                    1.8825881594182968e-14,
                    0.9998196527341393,
                    0.01899110335353682,
                    0.0,
                    -6.699999999999999,
                    2.006379862529438,
                    19.69892094158187,
                    1.0
                ],
                [
                    0.9999999999999999,
                    -1.809381637574159e-14,
                    -3.8547724040549625e-14,
                    0.0,
                    -3.8212101915588036e-14,
                    0.018991103353537042,
                    -0.9998196527341394,
                    0.0,
                    1.8825881594182968e-14,
                    0.9998196527341393,
                    0.01899110335353682,
                    0.0,
                    -6.699999999999999,
                    1.9118881142803588,
                    24.673603305312906,
                    1.0
                ]
            ],
            "module": "rig_factory.objects.quadruped_objects.quadruped_back_leg",
            "name": "R_FrontLeg_Part",
            "node_type": "transform",
            "pole_distance": 20.0,
            "pretty_name": "Part",
            "rig_data": {},
            "root_name": "FrontLeg",
            "segment_name": "Part",
            "segment_names": [
                "Base",
                "Hip",
                "Knee",
                "Ankle",
                "Foot",
                "Toe"
            ],
            "side": "right",
            "size": 4.0,
            "toggle_class": "QuadrupedBendyBackLeg",
            "uuid": "61d304f4-d311-414e-9a78-ab4278f02730"
        },
        {
            "base_type": "PartGuide",
            "color": null,
            "count": 9,
            "create_gimbals": false,
            "create_tweaks": false,
            "differentiation_name": null,
            "functionality_name": null,
            "handle_positions": {
                "C_Tail_A_Ctrl": [
                    0.0,
                    41.925794236162275,
                    -31.470225797020582
                ],
                "C_Tail_A_UpVector_Ctrl": [
                    0.0,
                    2.927016613246238,
                    -38.61313888910749
                ],
                "C_Tail_B_Ctrl": [
                    0.0,
                    40.78706896061219,
                    -40.062425603443955
                ],
                "C_Tail_C_Ctrl": [
                    0.0,
                    35.5075245012436,
                    -48.55110493027189
                ],
                "C_Tail_D_Ctrl": [
                    0.0,
                    29.29629572551586,
                    -55.072895144786
                ],
                "C_Tail_E_Ctrl": [
                    0.0,
                    27.63996805198847,
                    -62.52636967565931
                ],
                "C_Tail_F_Ctrl": [
                    0.0,
                    29.50333668470678,
                    -69.77280324734168
                ],
                "C_Tail_G_Ctrl": [
                    0.0,
                    33.540635388929815,
                    -72.56785619641914
                ],
                "C_Tail_H_Ctrl": [
                    0.0,
                    37.88849553193924,
                    -71.94673331884638
                ],
                "C_Tail_I_Ctrl": [
                    0.0,
                    39.95890512384849,
                    -69.77280324734168
                ]
            },
            "handle_vertices": {
                "C_Tail_A_Ctrl": [],
                "C_Tail_A_UpVector_Ctrl": [],
                "C_Tail_B_Ctrl": [],
                "C_Tail_C_Ctrl": [],
                "C_Tail_D_Ctrl": [],
                "C_Tail_E_Ctrl": [],
                "C_Tail_F_Ctrl": [],
                "C_Tail_G_Ctrl": [],
                "C_Tail_H_Ctrl": [],
                "C_Tail_I_Ctrl": []
            },
            "index": null,
            "index_handle_positions": [
                [
                    0.0,
                    41.925794236162275,
                    -31.470225797020582
                ],
                [
                    0.0,
                    40.78706896061219,
                    -40.062425603443955
                ],
                [
                    0.0,
                    35.5075245012436,
                    -48.55110493027189
                ],
                [
                    0.0,
                    29.29629572551586,
                    -55.072895144786
                ],
                [
                    0.0,
                    27.63996805198847,
                    -62.52636967565931
                ],
                [
                    0.0,
                    29.50333668470678,
                    -69.77280324734168
                ],
                [
                    0.0,
                    33.540635388929815,
                    -72.56785619641914
                ],
                [
                    0.0,
                    37.88849553193924,
                    -71.94673331884638
                ],
                [
                    0.0,
                    39.95890512384849,
                    -69.77280324734168
                ],
                [
                    0.0,
                    2.927016613246238,
                    -38.61313888910749
                ]
            ],
            "klass": "FkChainGuide",
            "matrices": [
                [
                    1.0,
                    0.0,
                    0.0,
                    0.0,
                    0.0,
                    -0.1313813367065788,
                    -0.9913319042405487,
                    0.0,
                    0.0,
                    0.9913319042405487,
                    -0.1313813367065788,
                    0.0,
                    0.0,
                    41.925794236162275,
                    -31.470225797020582,
                    1.0
                ],
                [
                    1.0,
                    0.0,
                    0.0,
                    0.0,
                    0.0,
                    -0.5281359805400669,
                    -0.8491598118487368,
                    0.0,
                    0.0,
                    0.8491598118487368,
                    -0.5281359805400669,
                    0.0,
                    0.0,
                    40.78706896061219,
                    -40.062425603443955,
                    1.0
                ],
                [
                    1.0,
                    0.0,
                    0.0,
                    0.0,
                    0.0,
                    -0.6896551724137944,
                    -0.7241379310344815,
                    0.0,
                    0.0,
                    0.7241379310344815,
                    -0.6896551724137944,
                    0.0,
                    0.0,
                    35.5075245012436,
                    -48.5511049302719,
                    1.0
                ],
                [
                    1.0,
                    0.0,
                    0.0,
                    0.0,
                    0.0,
                    -0.21693045781865544,
                    -0.9761870601839528,
                    0.0,
                    0.0,
                    0.9761870601839528,
                    -0.21693045781865544,
                    0.0,
                    0.0,
                    29.29629572551586,
                    -55.072895144786,
                    1.0
                ],
                [
                    1.0,
                    0.0,
                    0.0,
                    0.0,
                    0.0,
                    0.2490410398106173,
                    -0.9684929325968499,
                    0.0,
                    0.0,
                    0.9684929325968499,
                    0.2490410398106173,
                    0.0,
                    0.0,
                    27.639968051988472,
                    -62.52636967565932,
                    1.0
                ],
                [
                    -1.0,
                    3.0498731226040103e-17,
                    -1.1860617699015655e-16,
                    0.0,
                    9.258763816280294e-17,
                    0.822192191643781,
                    -0.5692099788303048,
                    0.0,
                    8.015689044650157e-17,
                    -0.5692099788303047,
                    -0.822192191643781,
                    0.0,
                    0.0,
                    29.50333668470678,
                    -69.77280324734168,
                    1.0
                ],
                [
                    -1.0,
                    3.0498731226040103e-17,
                    -1.1860617699015655e-16,
                    0.0,
                    1.3418757126456624e-17,
                    0.989949493661167,
                    0.14142135623730528,
                    0.0,
                    1.217272967899959e-16,
                    0.1414213562373054,
                    -0.989949493661167,
                    0.0,
                    -3.254051234036674e-30,
                    33.540635388929815,
                    -72.56785619641914,
                    1.0
                ],
                [
                    -1.0,
                    3.0498731226040103e-17,
                    -1.1860617699015655e-16,
                    0.0,
                    -6.485362387146472e-17,
                    0.6896551724137951,
                    0.7241379310344808,
                    0.0,
                    1.0388265157068893e-16,
                    0.7241379310344809,
                    -0.6896551724137951,
                    0.0,
                    1.4791141972893971e-30,
                    37.88849553193924,
                    -71.94673331884638,
                    1.0
                ],
                [
                    -1.0,
                    3.0498731226040103e-17,
                    -1.1860617699015655e-16,
                    0.0,
                    -6.485362387146472e-17,
                    0.6896551724137951,
                    0.7241379310344808,
                    0.0,
                    1.0388265157068893e-16,
                    0.7241379310344809,
                    -0.6896551724137951,
                    0.0,
                    -5.423418723394456e-31,
                    39.95890512384849,
                    -69.77280324734168,
                    1.0
                ]
            ],
            "module": "rig_factory.objects.part_objects.fk_chain",
            "name": "C_Tail_Part",
            "node_type": "transform",
            "pretty_name": "Part",
            "rig_data": {},
            "root_name": "Tail",
            "segment_name": "Part",
            "segment_names": [],
            "side": "center",
            "size": 3.3000000000000003,
            "toggle_class": "FkChain",
            "uuid": "389185ed-481f-49dd-b04f-ba904ff57be7"
        }
    ],
    "post_scripts": [],
    "pretty_name": "Container",
    "rig_data": {
        "custom_constraint_data": [],
        "custom_handles": false,
        "custom_plug_data": [],
        "deformer_data": [],
        "deformer_stack_data": {},
        "delta_mush": [],
        "handle_shapes": {},
        "sdks": [],
        "shard_skin_cluster_data": [],
        "skin_clusters": [],
        "space_switchers": {},
        "wrap": []
    },
    "root_name": "Body",
    "segment_name": "Container",
    "side": null,
    "size": 1.0,
    "skin_clusters": [],
    "utility_geometry_paths": [],
    "uuid": "cf8edffd-ce42-448c-ac5e-bbb963ce108f"
}