{
    "base_type": "ContainerGuide",
    "custom_handles": false,
    "deformation_rig_enabled": true,
    "delete_geometry_names": [],
    "differentiation_name": null,
    "finalize_scripts": [],
    "functionality_name": null,
    "geometry_paths": [],
    "index": null,
    "klass": "QuadrupedGuide",
    "metadata": {},
    "module": "rig_factory.objects.quadruped_objects.quadruped",
    "name": "quadruped",
    "node_type": "transform",
    "origin_geometry_names": {},
    "parent_joint_data": {
        "joint_count": 0,
        "joint_data": []
    },
    "parts": [],
    "post_scripts": [],
    "pretty_name": "quadruped",
    "rig_data": {
        "custom_constraint_data": [],
        "custom_handles": false,
        "custom_plug_data": [],
        "deformer_data": [],
        "deformer_stack_data": {},
        "delta_mush": [],
        "handle_shapes": {},
        "sdks": [],
        "shard_skin_cluster_data": [],
        "skin_clusters": [],
        "space_switchers": {},
        "wrap": []
    },
    "root_name": "Quadruped",
    "side": null,
    "size": 1.0,
    "skin_clusters": [],
    "utility_geometry_paths": [],
    "uuid": "cf8edffd-ce42-448c-ac5e-bbb963ce108f"
}