{
    "base_type": "ContainerGuide",
    "deformation_rig_enabled": true,
    "delete_geometry_names": [],
    "finalize_scripts": [],
    "geometry_paths": [],
    "index": null,
    "klass": "VehicleGuide",
    "module": "rig_factory.objects.part_objects.vehicle",
    "name": "vehicle",
    "node_type": "transform",
    "origin_geometry_names": {},
    "parent_joint_names": [],
    "parts": [],
    "post_scripts": [],
    "pretty_name": "vehicle",
    "rig_data": {},
    "root_name": "Vehicle",
    "side": null,
    "size": 1.0,
    "skin_clusters": [],
    "utility_geometry_paths": [],
    "uuid": "290ccf27-28be-4cde-aa13-5e997d8f5795"
}