{
    "C_main_Ctrl": [
        0.0,
        0.0,
        0.0
    ],
    "C_neck_a_Ctrl": [
        0.0,
        59.10396,
        0.80214
    ],
    "C_neck_b_Ctrl": [
        0.0,
        61.40953,
        0.57825
    ],
    "C_neck_c_Ctrl": [
        0.0,
        64.31003,
        0.53191
    ],
    "C_neck_d_Ctrl": [
        0.00018,
        68.74342,
        0.45133
    ],
    "C_neck_e_Ctrl": [
        0.0001,
        70.05349,
        -0.29422
    ],
    "C_neck_up_a_Ctrl": [
        0.0,
        69.58254443432561,
        -18.415099871616505
    ],
    "C_spine_COG_Ctrl": [
        37.49999999041757,
        37.499999990417564,
        0.0
    ],
    "C_spine_a_Ctrl": [
        0.0,
        40.44986,
        0.29564
    ],
    "C_spine_b_Ctrl": [
        0.0,
        44.2874,
        1.07563
    ],
    "C_spine_c_Ctrl": [
        0.0,
        48.21352,
        1.76571
    ],
    "C_spine_d_Ctrl": [
        0.0,
        53.57102,
        1.89711
    ],
    "C_spine_e_Ctrl": [
        0.0,
        57.95822,
        1.14465
    ],
    "C_spine_up_a_Ctrl": [
        0.0,
        40.23802878104809,
        -51.9000402645225
    ],
    "L_arm_a_Ctrl": [
        1.5364,
        58.19587,
        1.08113
    ],
    "L_arm_b_Ctrl": [
        6.16153,
        57.17208,
        0.14247
    ],
    "L_arm_c_Ctrl": [
        15.064869151996685,
        48.14444664182177,
        -0.21045672576767016
    ],
    "L_arm_d_Ctrl": [
        20.19354,
        42.89705,
        0.61778
    ],
    "L_arm_e_Ctrl": [
        20.55938,
        42.49478,
        0.8599
    ],
    "L_arm_up_a_Ctrl": [
        1.273097357111312,
        61.716656490905535,
        -78.76577631684516
    ],
    "L_arm_up_b_Ctrl": [
        14.945053970293769,
        51.288424650583096,
        -66.36261418606024
    ],
    "L_arm_up_c_Ctrl": [
        23.664333479696424,
        42.49786113394855,
        -56.272004417291164
    ],
    "L_finger_middle_a_Ctrl": [
        21.25548,
        41.82571,
        1.03588
    ],
    "L_finger_middle_b_Ctrl": [
        25.36185,
        39.17586,
        1.75583
    ],
    "L_finger_middle_c_Ctrl": [
        27.136750473689844,
        37.41297568010852,
        1.8968583133841668
    ],
    "L_finger_middle_d_Ctrl": [
        28.25846,
        36.35058,
        1.92334
    ],
    "L_finger_middle_e_Ctrl": [
        29.48029,
        35.19224,
        2.0957
    ],
    "L_finger_middle_up_a_Ctrl": [
        31.801921844482422,
        55.21592712402344,
        2.139938583166588
    ],
    "L_finger_pinky_a_Ctrl": [
        21.18324,
        42.51623,
        -1.80833
    ],
    "L_finger_pinky_b_Ctrl": [
        24.22562048791272,
        39.4666989194323,
        -2.1917688259321952
    ],
    "L_finger_pinky_c_Ctrl": [
        26.35608,
        37.62218,
        -2.70456
    ],
    "L_finger_pinky_d_Ctrl": [
        27.39276,
        36.74604,
        -2.96394
    ],
    "L_finger_pinky_e_Ctrl": [
        28.59229,
        35.74543,
        -3.24573
    ],
    "L_finger_pinky_up_a_Ctrl": [
        31.801921844482422,
        55.21592712402344,
        -1.8005889002700126
    ],
    "L_finger_pointer_a_Ctrl": [
        20.52914,
        41.87641,
        2.87723
    ],
    "L_finger_pointer_b_Ctrl": [
        24.9724,
        39.33461,
        3.73839
    ],
    "L_finger_pointer_c_Ctrl": [
        26.74808893152732,
        37.756471487254515,
        4.115517626385735
    ],
    "L_finger_pointer_d_Ctrl": [
        27.762702419040508,
        36.73505364795087,
        4.432699466516761
    ],
    "L_finger_pointer_e_Ctrl": [
        29.02389645730291,
        35.33331323630473,
        4.742245580254539
    ],
    "L_finger_pointer_up_a_Ctrl": [
        31.801922526063073,
        54.903427495535894,
        4.628479040853392
    ],
    "L_finger_ring_a_Ctrl": [
        21.05643,
        42.41935,
        -0.64606
    ],
    "L_finger_ring_b_Ctrl": [
        24.9840763455896,
        39.530068421471924,
        -0.15115566118085527
    ],
    "L_finger_ring_c_Ctrl": [
        27.082960892964177,
        37.59805199464291,
        -0.46595762274466457
    ],
    "L_finger_ring_d_Ctrl": [
        28.05133328575235,
        36.411138676727454,
        -0.6164684932421073
    ],
    "L_finger_ring_e_Ctrl": [
        29.10875,
        35.41189,
        -0.76367
    ],
    "L_finger_ring_up_a_Ctrl": [
        31.801921844482422,
        55.21592712402344,
        0.18623916301980215
    ],
    "L_leg_a_Ctrl": [
        2.19767,
        40.20658,
        -0.4922828293257455
    ],
    "L_leg_b_Ctrl": [
        4.633922667746441,
        40.02642,
        -0.36017282932574557
    ],
    "L_leg_back_Ctrl": [
        6.718636989593506,
        0.09838476777076721,
        -9.27426815032959
    ],
    "L_leg_c_Ctrl": [
        5.769220513652677,
        24.95815807223398,
        -1.7426784686686734
    ],
    "L_leg_d_Ctrl": [
        7.034321346634535,
        7.449554064403106,
        -3.9725766300561123
    ],
    "L_leg_e_Ctrl": [
        7.439320291656572,
        3.12027,
        7.544040964990598
    ],
    "L_leg_f_Ctrl": [
        7.80518,
        3.49591,
        13.563896445645883
    ],
    "L_leg_front_Ctrl": [
        7.520809595902499,
        -0.23681311309337616,
        13.013193130493164
    ],
    "L_leg_in_Ctrl": [
        1.3966991901397705,
        -0.3425709009170532,
        5.760031700134277
    ],
    "L_leg_out_Ctrl": [
        13.656318664550781,
        -0.09136532247066498,
        5.217370986938477
    ],
    "L_leg_up_a_Ctrl": [
        0.7869527498697795,
        40.43867205823035,
        -45.31292105601941
    ],
    "L_leg_up_b_Ctrl": [
        6.685764559586714,
        40.43267787140973,
        23.694139980528846
    ],
    "L_leg_up_c_Ctrl": [
        7.639138894260624,
        22.86836078196169,
        16.39673108288556
    ],
    "L_thumb_a_Ctrl": [
        20.50084,
        41.11988,
        3.11162
    ],
    "L_thumb_b_Ctrl": [
        20.79745510235649,
        40.71890516237954,
        3.4979005288775387
    ],
    "L_thumb_c_Ctrl": [
        21.00369,
        38.27936,
        5.83381
    ],
    "L_thumb_d_Ctrl": [
        21.105740177617854,
        36.3550594379023,
        7.000250914386296
    ],
    "L_thumb_up_a_Ctrl": [
        19.816235013256474,
        47.35696676971606,
        6.096244986044174
    ],
    "R_arm_a_Ctrl": [
        -1.5364,
        58.19587,
        1.08113
    ],
    "R_arm_b_Ctrl": [
        -6.16153,
        57.17208,
        0.14247
    ],
    "R_arm_c_Ctrl": [
        -15.064869151996685,
        48.14444664182177,
        -0.21045672576767016
    ],
    "R_arm_d_Ctrl": [
        -20.19354,
        42.89705,
        0.61778
    ],
    "R_arm_e_Ctrl": [
        -20.55938,
        42.49478,
        0.8599
    ],
    "R_arm_up_a_Ctrl": [
        -1.273097357111312,
        61.716656490905535,
        -78.76577631684516
    ],
    "R_arm_up_b_Ctrl": [
        -14.945053970293769,
        51.288424650583096,
        -66.36261418606024
    ],
    "R_arm_up_c_Ctrl": [
        -23.664333479696424,
        42.49786113394855,
        -56.272004417291164
    ],
    "R_finger_middle_a_Ctrl": [
        -21.25548,
        41.82571,
        1.03588
    ],
    "R_finger_middle_b_Ctrl": [
        -25.36185,
        39.17586,
        1.75583
    ],
    "R_finger_middle_c_Ctrl": [
        -27.136750473689844,
        37.41297568010852,
        1.8968583133841668
    ],
    "R_finger_middle_d_Ctrl": [
        -28.25846,
        36.35058,
        1.92334
    ],
    "R_finger_middle_e_Ctrl": [
        -29.48029,
        35.19224,
        2.0957
    ],
    "R_finger_middle_up_a_Ctrl": [
        -31.801921844482422,
        55.21592712402344,
        2.139938583166588
    ],
    "R_finger_pinky_a_Ctrl": [
        -21.18324,
        42.51623,
        -1.80833
    ],
    "R_finger_pinky_b_Ctrl": [
        -24.22562048791272,
        39.4666989194323,
        -2.1917688259321952
    ],
    "R_finger_pinky_c_Ctrl": [
        -26.35608,
        37.62218,
        -2.70456
    ],
    "R_finger_pinky_d_Ctrl": [
        -27.39276,
        36.74604,
        -2.96394
    ],
    "R_finger_pinky_e_Ctrl": [
        -28.59229,
        35.74543,
        -3.24573
    ],
    "R_finger_pinky_up_a_Ctrl": [
        -31.801921844482422,
        55.21592712402344,
        -1.8005889002700126
    ],
    "R_finger_pointer_a_Ctrl": [
        -20.52914,
        41.87641,
        2.87723
    ],
    "R_finger_pointer_b_Ctrl": [
        -24.9724,
        39.33461,
        3.73839
    ],
    "R_finger_pointer_c_Ctrl": [
        -26.74808893152732,
        37.756471487254515,
        4.115517626385735
    ],
    "R_finger_pointer_d_Ctrl": [
        -27.762702419040508,
        36.73505364795087,
        4.432699466516761
    ],
    "R_finger_pointer_e_Ctrl": [
        -29.02389645730291,
        35.33331323630473,
        4.742245580254539
    ],
    "R_finger_pointer_up_a_Ctrl": [
        -31.801922526063073,
        54.903427495535894,
        4.628479040853392
    ],
    "R_finger_ring_a_Ctrl": [
        -21.05643,
        42.41935,
        -0.64606
    ],
    "R_finger_ring_b_Ctrl": [
        -24.9840763455896,
        39.530068421471924,
        -0.15115566118085527
    ],
    "R_finger_ring_c_Ctrl": [
        -27.082960892964177,
        37.59805199464291,
        -0.46595762274466457
    ],
    "R_finger_ring_d_Ctrl": [
        -28.05133328575235,
        36.411138676727454,
        -0.6164684932421073
    ],
    "R_finger_ring_e_Ctrl": [
        -29.10875,
        35.41189,
        -0.76367
    ],
    "R_finger_ring_up_a_Ctrl": [
        -31.801921844482422,
        55.21592712402344,
        0.18623916301980215
    ],
    "R_leg_a_Ctrl": [
        -2.19767,
        40.20658,
        -0.4922828293257455
    ],
    "R_leg_b_Ctrl": [
        -4.633922667746441,
        40.02642,
        -0.36017282932574557
    ],
    "R_leg_back_Ctrl": [
        -6.718636989593506,
        0.09838476777076721,
        -9.27426815032959
    ],
    "R_leg_c_Ctrl": [
        -5.769220513652677,
        24.95815807223398,
        -1.7426784686686734
    ],
    "R_leg_d_Ctrl": [
        -7.034321346634535,
        7.449554064403106,
        -3.9725766300561123
    ],
    "R_leg_e_Ctrl": [
        -7.439320291656572,
        3.12027,
        7.544040964990598
    ],
    "R_leg_f_Ctrl": [
        -7.80518,
        3.49591,
        13.563896445645883
    ],
    "R_leg_front_Ctrl": [
        -7.520809595902499,
        -0.23681311309337616,
        13.013193130493164
    ],
    "R_leg_in_Ctrl": [
        -1.3966991901397705,
        -0.3425709009170532,
        5.760031700134277
    ],
    "R_leg_out_Ctrl": [
        -13.656318664550781,
        -0.09136532247066498,
        5.217370986938477
    ],
    "R_leg_up_a_Ctrl": [
        -0.7869527498697795,
        40.43867205823035,
        -45.31292105601941
    ],
    "R_leg_up_b_Ctrl": [
        -6.685764559586714,
        40.43267787140973,
        23.694139980528846
    ],
    "R_leg_up_c_Ctrl": [
        -7.639138894260624,
        22.86836078196169,
        16.39673108288556
    ],
    "R_thumb_a_Ctrl": [
        -20.50084,
        41.11988,
        3.11162
    ],
    "R_thumb_b_Ctrl": [
        -20.79745510235649,
        40.71890516237954,
        3.4979005288775387
    ],
    "R_thumb_c_Ctrl": [
        -21.00369,
        38.27936,
        5.83381
    ],
    "R_thumb_d_Ctrl": [
        -21.105740177617854,
        36.3550594379023,
        7.000250914386296
    ],
    "R_thumb_up_a_Ctrl": [
        -19.816235013256474,
        47.35696676971606,
        6.096244986044174
    ]
}