{
    "dynamic_fk_chain": {
        "1.0.0": {
            "created": "2020-05-15 08:19:03",
            "developer": "Paxton Gerrish",
            "email": "paxtongerrish@gmail.com",
            "notes": "Spline IK up-vectors are wrong so we need to version up.  This version is to support legacy (RCL mostly) rigs",
            "path": "/dynamic_parts/dynamic_fk_chain/dynamic_fk_chain_1.0.0/dynamic_fk_chain.py"
        },
        "2.0.0": {
            "created": "2020-05-15 08:23:51",
            "developer": "Paxton Gerrish",
            "email": "paxtongerrish@gmail.com",
            "notes": "fixed Spline IK up-vectors.",
            "path": "/dynamic_parts/dynamic_fk_chain/dynamic_fk_chain_2.0.0/dynamic_fk_chain.py"
        }
    }
}