{
    "closed_eye_slider": {
        "1.0.0": {
            "created": "2020-06-26 10:27:03",
            "developer": "Paxton Gerrish",
            "email": "paxtongerrish@gmail.com",
            "notes": "Saving v1 for old rig compatibility",
            "path": "/face_panel_objects/closed_eye_slider/closed_eye_slider_1.0.0/closed_eye_slider.py"
        }
    },
    "dynamic_fk_chain": {
        "1.0.0": {
            "created": "2020-06-04 15:35:20",
            "developer": "Paxton Gerrish",
            "email": "paxtongerrish@gmail.com",
            "notes": "Spline IK up-vectors are wrong so we need to version up.  This version is to support legacy (RCL mostly) rigs",
            "path": "/dynamic_parts/dynamic_fk_chain/dynamic_fk_chain_1.0.0/dynamic_fk_chain.py"
        },
        "2.0.0": {
            "created": "2020-05-19 10:21:49",
            "developer": "Paxton Gerrish",
            "email": "paxtongerrish@gmail.com",
            "notes": "fixed Spline IK up-vectors.",
            "path": "/dynamic_parts/dynamic_fk_chain/dynamic_fk_chain_2.0.0/dynamic_fk_chain.py"
        },
        "3.0.0": {
            "created": "2020-06-18 16:06:41",
            "developer": "Paxton Gerrish",
            "email": "paxtongerrish@gmail.com",
            "notes": "fixed Spline IK up-vectors.",
            "path": "/dynamic_parts/dynamic_fk_chain/dynamic_fk_chain_3.0.0/dynamic_fk_chain.py"
        }
    }
}