{
  "scene_path": "G:/Rigging/Paxton/rigging_library/amb.ma",
  "reference_mesh": "MOB_headShapeDeformed",
  "face_groups": [
    {
      "name": "up_lip_h",
      "driver_plug": "upper_lip_move_ctrl.tx",
      "driver_values": [-1.0, 1.0]
    },
    {
      "name": "up_lip_v",
      "driver_plug": "upper_lip_move_ctrl.ty",
      "driver_values": [-1.0, 1.0]
    },
    {
      "name": "l_brow_out",
      "driver_plug": "L_br_o_ctrl.ty",
      "driver_values": [-1.0, 1.0]
    },
    {
      "name": "l_brow_mid",
      "driver_plug": "L_br_m_ctrl.ty",
      "driver_values": [-1.0, 1.0]
    },
    {
      "name": "l_brow_in",
      "driver_plug": "L_br_i_ctrl.ty",
      "driver_values": [-1.0, 1.0]
    },
    {
      "name": "r_brow_out",
      "driver_plug": "R_br_o_ctrl.ty",
      "driver_values": [-1.0, 1.0]
    },
    {
      "name": "r_brow_mid",
      "driver_plug": "R_br_m_ctrl.ty",
      "driver_values": [-1.0, 1.0]
    },
    {
      "name": "r_brow_in",
      "driver_plug": "R_br_i_ctrl.ty",
      "driver_values": [-1.0, 1.0]
    },
    {
      "name": "l_mouth_h",
      "driver_plug": "L_wide_narrow_ctrl.tx",
      "driver_values": [-1.0, 1.0]
    },
    {
      "name": "r_mouth_h",
      "driver_plug": "R_wide_narrow_ctrl.tx",
      "driver_values": [-1.0, 1.0]
    },
    {
      "name": "l_up_blink",
      "driver_plug": "shape_link.L_blink_up",
      "driver_values": [0.333, 0.666, 1.0]
    },
    {
      "name": "r_up_blink",
      "driver_plug": "shape_link.R_blink_up",
      "driver_values": [0.333, 0.666, 1.0]
    },
    {
      "name": "l_lw_blink",
      "driver_plug": "shape_link.L_blink_lw",
      "driver_values": [0.333, 0.666, 1.0]
    },
    {
      "name": "r_lw_blink",
      "driver_plug": "shape_link.R_blink_lw",
      "driver_values": [0.333, 0.666, 1.0]
    },
    {
      "name": "s",
      "driver_plug": "P_B_ctrl.ty",
      "driver_values": [1.0]
    },
    {
      "name": "a",
      "driver_plug": "P_C_ctrl.ty",
      "driver_values": [1.0]
    },
    {
      "name": "ah",
      "driver_plug": "P_C_1_ctrl.ty",
      "driver_values": [1.0]
    },
    {
      "name": "aa",
      "driver_plug": "P_D_ctrl.ty",
      "driver_values": [1.0]
    },
    {
      "name": "oh",
      "driver_plug": "P_E_ctrl.ty",
      "driver_values": [1.0]
    },
    {
      "name": "oo",
      "driver_plug": "P_F_ctrl.ty",
      "driver_values": [1.0]
    },
    {
      "name": "f",
      "driver_plug": "P_G_ctrl.ty",
      "driver_values": [1.0]
    },
    {
      "name": "d",
      "driver_plug": "P_J_ctrl.ty",
      "driver_values": [1.0]
    },
    {
      "name": "a2",
      "driver_plug": "P_L_ctrl.ty",
      "driver_values": [1.0]
    },
    {
      "name": "e",
      "driver_plug": "P_I_ctrl.ty",
      "driver_values": [1.0]
    },
    {
      "name": "m",
      "driver_plug": "P_M_ctrl.ty",
      "driver_values": [1.0]
    },
    {
      "name": "l_up_frown",
      "driver_plug": "shape_link.M_L_upFrown",
      "driver_values": [1.0]
    },
    {
      "name": "r_up_frown",
      "driver_plug": "shape_link.M_R_upFrown",
      "driver_values": [1.0]
    }
  ]
}


