{
    "driven_handles": [
        "R_brow_d_fhd",
        "R_brow_c_fhd",
        "R_brow_b_fhd",
        "R_brow_a_fhd",
        "C_brow_a_fhd",
        "L_brow_a_fhd",
        "L_brow_b_fhd",
        "L_brow_c_fhd",
        "L_brow_d_fhd",
        "R_brow_up_c_fhd",
        "R_brow_up_b_fhd",
        "R_brow_up_a_fhd",
        "C_brow_up_a_fhd",
        "L_brow_up_a_fhd",
        "L_brow_up_b_fhd",
        "L_brow_up_c_fhd",
        "L_lid_up_crease_a_fhd",
        "L_lid_up_crease_b_fhd",
        "L_lid_up_crease_c_fhd",
        "L_lid_up_crease_d_fhd",
        "L_lid_up_crease_e_fhd",
        "L_lid_up_crease_f_fhd",
        "L_lid_down_crease_a_fhd",
        "L_lid_down_crease_b_fhd",
        "L_lid_down_crease_c_fhd",
        "L_lid_down_crease_d_fhd",
        "L_eyelid_up_edge_a_fhd",
        "L_eyelid_up_edge_b_fhd",
        "L_eyelid_up_edge_c_fhd",
        "L_eyelid_up_edge_d_fhd",
        "L_eyelid_up_edge_e_fhd",
        "L_eyelid_up_edge_f_fhd",
        "L_eyelid_up_edge_g_fhd",
        "L_eyelid_up_edge_h_fhd",
        "L_eyelid_up_edge_i_fhd",
        "L_eyelid_down_edge_a_fhd",
        "L_eyelid_down_edge_b_fhd",
        "L_eyelid_down_edge_c_fhd",
        "L_eyelid_down_edge_d_fhd",
        "L_eyelid_down_edge_e_fhd",
        "L_eyelid_down_edge_f_fhd",
        "L_eyelid_down_edge_g_fhd",
        "C_nose_a_fhd",
        "C_nose_b_fhd",
        "C_nose_c_fhd",
        "C_nose_d_fhd",
        "C_nose_e_fhd",
        "R_nostril_a_fhd",
        "L_nostril_a_fhd",
        "R_nose_base_b_fhd",
        "R_nose_base_a_fhd",
        "L_nose_base_a_fhd",
        "L_nose_base_b_fhd",
        "R_nose_flare_a_fhd",
        "L_nose_flare_a_fhd",
        "L_up_cheek_a_fhd",
        "L_up_cheek_b_fhd",
        "L_up_cheek_c_fhd",
        "L_cheek_a_fhd",
        "L_cheek_b_fhd",
        "L_cheek_c_fhd",
        "L_cheek_d_fhd",
        "L_cheek_e_fhd",
        "L_cheek_f_fhd",
        "L_cheek_g_fhd",
        "R_mouth_out_g_fhd",
        "R_mouth_out_f_fhd",
        "R_mouth_out_e_fhd",
        "R_mouth_out_d_fhd",
        "R_mouth_out_c_fhd",
        "R_mouth_out_b_fhd",
        "R_mouth_out_a_fhd",
        "C_mouth_out_a_fhd",
        "L_mouth_out_a_fhd",
        "L_mouth_out_b_fhd",
        "L_mouth_out_c_fhd",
        "L_mouth_out_d_fhd",
        "L_mouth_out_e_fhd",
        "L_mouth_out_f_fhd",
        "L_mouth_out_g_fhd",
        "C_mouth_out_b_fhd",
        "R_lip_up_e_fhd",
        "R_lip_up_d_fhd",
        "R_lip_up_c_fhd",
        "R_lip_up_b_fhd",
        "R_lip_up_a_fhd",
        "C_lip_up_a_fhd",
        "L_lip_up_a_fhd",
        "L_lip_up_b_fhd",
        "L_lip_up_c_fhd",
        "L_lip_up_d_fhd",
        "L_lip_up_e_fhd",
        "R_lip_down_d_fhd",
        "R_lip_down_c_fhd",
        "R_lip_down_b_fhd",
        "R_lip_down_a_fhd",
        "C_lip_down_a_fhd",
        "L_lip_down_a_fhd",
        "L_lip_down_b_fhd",
        "L_lip_down_c_fhd",
        "L_lip_down_d_fhd",
        "R_up_cheek_a_fhd",
        "R_up_cheek_b_fhd",
        "R_up_cheek_c_fhd",
        "R_cheek_a_fhd",
        "R_cheek_b_fhd",
        "R_cheek_c_fhd",
        "R_cheek_d_fhd",
        "R_cheek_e_fhd",
        "R_cheek_f_fhd",
        "R_cheek_g_fhd",
        "R_lid_up_crease_a_fhd",
        "R_lid_up_crease_b_fhd",
        "R_lid_up_crease_c_fhd",
        "R_lid_up_crease_d_fhd",
        "R_lid_up_crease_e_fhd",
        "R_lid_up_crease_f_fhd",
        "R_lid_down_crease_a_fhd",
        "R_lid_down_crease_b_fhd",
        "R_lid_down_crease_c_fhd",
        "R_lid_down_crease_d_fhd",
        "R_eyelid_up_edge_a_fhd",
        "R_eyelid_up_edge_b_fhd",
        "R_eyelid_up_edge_c_fhd",
        "R_eyelid_up_edge_d_fhd",
        "R_eyelid_up_edge_e_fhd",
        "R_eyelid_up_edge_f_fhd",
        "R_eyelid_up_edge_g_fhd",
        "R_eyelid_up_edge_h_fhd",
        "R_eyelid_up_edge_i_fhd",
        "R_eyelid_down_edge_a_fhd",
        "R_eyelid_down_edge_b_fhd",
        "R_eyelid_down_edge_c_fhd",
        "R_eyelid_down_edge_d_fhd",
        "R_eyelid_down_edge_e_fhd",
        "R_eyelid_down_edge_f_fhd",
        "R_eyelid_down_edge_g_fhd",
        "C_face_base_Ctrl"
    ],
    "geometry": [
        "MOB_headShapeDeformed"
    ],
    "groups": [
        {
            "driver_plug": "L_brow_in_Ctrl.ty",
            "index": null,
            "root_name": "brow_in_vertical",
            "side": "left",
            "targets": [
                {
                    "attribute_values": [
                        [
                            "L_brow_in_Ctrl.ty",
                            0.25
                        ]
                    ],
                    "driver_value": 0.25,
                    "index": 1,
                    "mesh_names": [
                        "brow_in_vertical_0_1_target_targets_a_msh"
                    ],
                    "root_name": "brow_in_vertical",
                    "side": "left"
                },
                {
                    "attribute_values": [
                        [
                            "L_brow_in_Ctrl.ty",
                            -0.25
                        ]
                    ],
                    "driver_value": -0.25,
                    "index": 2,
                    "mesh_names": [
                        "brow_in_vertical_0_2_target_targets_a_msh"
                    ],
                    "root_name": "brow_in_vertical",
                    "side": "left"
                }
            ]
        },
        {
            "driver_plug": "L_brow_mid_Ctrl.ty",
            "index": null,
            "root_name": "brow_mid_vertical",
            "side": "left",
            "targets": [
                {
                    "attribute_values": [
                        [
                            "L_brow_mid_Ctrl.ty",
                            0.25
                        ]
                    ],
                    "driver_value": 0.25,
                    "index": 1,
                    "mesh_names": [
                        "brow_mid_vertical_1_1_target_targets_a_msh"
                    ],
                    "root_name": "brow_mid_vertical",
                    "side": "left"
                },
                {
                    "attribute_values": [
                        [
                            "L_brow_mid_Ctrl.ty",
                            -0.25
                        ]
                    ],
                    "driver_value": -0.25,
                    "index": 2,
                    "mesh_names": [
                        "brow_mid_vertical_1_2_target_targets_a_msh"
                    ],
                    "root_name": "brow_mid_vertical",
                    "side": "left"
                }
            ]
        },
        {
            "driver_plug": "L_brow_out_Ctrl.ty",
            "index": null,
            "root_name": "brow_out_vertical",
            "side": "left",
            "targets": [
                {
                    "attribute_values": [
                        [
                            "L_brow_out_Ctrl.ty",
                            0.25
                        ]
                    ],
                    "driver_value": 0.25,
                    "index": 1,
                    "mesh_names": [
                        "brow_out_vertical_2_1_target_targets_a_msh"
                    ],
                    "root_name": "brow_out_vertical",
                    "side": "left"
                },
                {
                    "attribute_values": [
                        [
                            "L_brow_out_Ctrl.ty",
                            -0.25
                        ]
                    ],
                    "driver_value": -0.25,
                    "index": 2,
                    "mesh_names": [
                        "brow_out_vertical_2_2_target_targets_a_msh"
                    ],
                    "root_name": "brow_out_vertical",
                    "side": "left"
                }
            ]
        },
        {
            "driver_plug": "L_up_lid_Ctrl.ty",
            "index": null,
            "root_name": "up_lid",
            "side": "left",
            "targets": [
                {
                    "attribute_values": [
                        [
                            "L_up_lid_Ctrl.ty",
                            -0.15
                        ]
                    ],
                    "driver_value": -0.15,
                    "index": 1,
                    "mesh_names": [
                        "up_lid_3_1_target_targets_a_msh"
                    ],
                    "root_name": "up_lid",
                    "side": "left"
                },
                {
                    "attribute_values": [
                        [
                            "L_up_lid_Ctrl.ty",
                            -0.3
                        ]
                    ],
                    "driver_value": -0.3,
                    "index": 2,
                    "mesh_names": [
                        "up_lid_3_2_target_targets_a_msh"
                    ],
                    "root_name": "up_lid",
                    "side": "left"
                }
            ]
        },
        {
            "driver_plug": "L_down_lid_Ctrl.ty",
            "index": null,
            "root_name": "down_lid",
            "side": "left",
            "targets": [
                {
                    "attribute_values": [
                        [
                            "L_down_lid_Ctrl.ty",
                            0.3
                        ]
                    ],
                    "driver_value": 0.3,
                    "index": 1,
                    "mesh_names": [
                        "down_lid_4_1_target_targets_a_msh"
                    ],
                    "root_name": "down_lid",
                    "side": "left"
                },
                {
                    "attribute_values": [
                        [
                            "L_down_lid_Ctrl.ty",
                            0.15
                        ]
                    ],
                    "driver_value": 0.15,
                    "index": 2,
                    "mesh_names": [
                        "down_lid_4_2_target_targets_a_msh"
                    ],
                    "root_name": "down_lid",
                    "side": "left"
                }
            ]
        },
        {
            "driver_plug": "L_brow_in_Ctrl.brow_down_blink",
            "index": null,
            "root_name": "brow_down_blink_a",
            "side": "left",
            "targets": [
                {
                    "attribute_values": [
                        [
                            "L_brow_in_Ctrl.ty",
                            -0.25
                        ],
                        [
                            "L_up_lid_Ctrl.ty",
                            -0.3
                        ],
                        [
                            "L_brow_in_Ctrl.brow_down_blink",
                            1.0
                        ]
                    ],
                    "driver_value": 1.0,
                    "index": 1,
                    "mesh_names": [
                        "brow_down_blink_a_5_1_target_targets_a_msh"
                    ],
                    "root_name": "brow_down_blink_a",
                    "side": "left"
                }
            ]
        },
        {
            "driver_plug": "L_brow_mid_Ctrl.brow_down_blink",
            "index": null,
            "root_name": "brow_down_blink_b",
            "side": "left",
            "targets": [
                {
                    "attribute_values": [
                        [
                            "L_brow_mid_Ctrl.ty",
                            -0.25
                        ],
                        [
                            "L_up_lid_Ctrl.ty",
                            -0.3
                        ],
                        [
                            "L_brow_mid_Ctrl.brow_down_blink",
                            1.0
                        ]
                    ],
                    "driver_value": 1.0,
                    "index": 1,
                    "mesh_names": [
                        "brow_down_blink_b_6_1_target_targets_a_msh"
                    ],
                    "root_name": "brow_down_blink_b",
                    "side": "left"
                }
            ]
        },
        {
            "driver_plug": "L_brow_out_Ctrl.brow_down_blink",
            "index": null,
            "root_name": "brow_down_blink_c",
            "side": "left",
            "targets": [
                {
                    "attribute_values": [
                        [
                            "L_brow_out_Ctrl.ty",
                            -0.25
                        ],
                        [
                            "L_up_lid_Ctrl.ty",
                            -0.3
                        ],
                        [
                            "L_brow_out_Ctrl.brow_down_blink",
                            1.0
                        ]
                    ],
                    "driver_value": 1.0,
                    "index": 1,
                    "mesh_names": [
                        "brow_down_blink_c_7_1_target_targets_a_msh"
                    ],
                    "root_name": "brow_down_blink_c",
                    "side": "left"
                }
            ]
        },
        {
            "driver_plug": "R_brow_in_Ctrl.ty",
            "index": null,
            "root_name": "brow_in_vertical",
            "side": "right",
            "targets": [
                {
                    "attribute_values": [
                        [
                            "R_brow_in_Ctrl.ty",
                            0.25
                        ]
                    ],
                    "driver_value": 0.25,
                    "index": 1,
                    "mesh_names": [
                        "brow_in_vertical_8_1_target_targets_a_msh"
                    ],
                    "root_name": "brow_in_vertical",
                    "side": "right"
                },
                {
                    "attribute_values": [
                        [
                            "R_brow_in_Ctrl.ty",
                            -0.25
                        ]
                    ],
                    "driver_value": -0.25,
                    "index": 2,
                    "mesh_names": [
                        "brow_in_vertical_8_2_target_targets_a_msh"
                    ],
                    "root_name": "brow_in_vertical",
                    "side": "right"
                }
            ]
        },
        {
            "driver_plug": "R_brow_mid_Ctrl.ty",
            "index": null,
            "root_name": "brow_mid_vertical",
            "side": "right",
            "targets": [
                {
                    "attribute_values": [
                        [
                            "R_brow_mid_Ctrl.ty",
                            0.25
                        ]
                    ],
                    "driver_value": 0.25,
                    "index": 1,
                    "mesh_names": [
                        "brow_mid_vertical_9_1_target_targets_a_msh"
                    ],
                    "root_name": "brow_mid_vertical",
                    "side": "right"
                },
                {
                    "attribute_values": [
                        [
                            "R_brow_mid_Ctrl.ty",
                            -0.25
                        ]
                    ],
                    "driver_value": -0.25,
                    "index": 2,
                    "mesh_names": [
                        "brow_mid_vertical_9_2_target_targets_a_msh"
                    ],
                    "root_name": "brow_mid_vertical",
                    "side": "right"
                }
            ]
        },
        {
            "driver_plug": "R_brow_out_Ctrl.ty",
            "index": null,
            "root_name": "brow_out_vertical",
            "side": "right",
            "targets": [
                {
                    "attribute_values": [
                        [
                            "R_brow_mid_Ctrl.ty",
                            3.552713678800501e-15
                        ],
                        [
                            "R_brow_out_Ctrl.ty",
                            0.25
                        ]
                    ],
                    "driver_value": 0.25,
                    "index": 1,
                    "mesh_names": [
                        "brow_out_vertical_10_1_target_targets_a_msh"
                    ],
                    "root_name": "brow_out_vertical",
                    "side": "right"
                },
                {
                    "attribute_values": [
                        [
                            "R_brow_mid_Ctrl.ty",
                            3.552713678800501e-15
                        ],
                        [
                            "R_brow_out_Ctrl.ty",
                            -0.25
                        ]
                    ],
                    "driver_value": -0.25,
                    "index": 2,
                    "mesh_names": [
                        "brow_out_vertical_10_2_target_targets_a_msh"
                    ],
                    "root_name": "brow_out_vertical",
                    "side": "right"
                }
            ]
        },
        {
            "driver_plug": "R_up_lid_Ctrl.ty",
            "index": null,
            "root_name": "up_lid",
            "side": "right",
            "targets": [
                {
                    "attribute_values": [
                        [
                            "R_brow_mid_Ctrl.ty",
                            3.552713678800501e-15
                        ],
                        [
                            "R_up_lid_Ctrl.ty",
                            -0.15
                        ]
                    ],
                    "driver_value": -0.15,
                    "index": 1,
                    "mesh_names": [
                        "up_lid_11_1_target_targets_a_msh"
                    ],
                    "root_name": "up_lid",
                    "side": "right"
                },
                {
                    "attribute_values": [
                        [
                            "R_brow_mid_Ctrl.ty",
                            3.552713678800501e-15
                        ],
                        [
                            "R_up_lid_Ctrl.ty",
                            -0.3
                        ]
                    ],
                    "driver_value": -0.3,
                    "index": 2,
                    "mesh_names": [
                        "up_lid_11_2_target_targets_a_msh"
                    ],
                    "root_name": "up_lid",
                    "side": "right"
                }
            ]
        },
        {
            "driver_plug": "R_down_lid_Ctrl.ty",
            "index": null,
            "root_name": "down_lid",
            "side": "right",
            "targets": [
                {
                    "attribute_values": [
                        [
                            "R_brow_mid_Ctrl.ty",
                            3.552713678800501e-15
                        ],
                        [
                            "R_down_lid_Ctrl.ty",
                            0.3
                        ]
                    ],
                    "driver_value": 0.3,
                    "index": 1,
                    "mesh_names": [
                        "down_lid_12_1_target_targets_a_msh"
                    ],
                    "root_name": "down_lid",
                    "side": "right"
                },
                {
                    "attribute_values": [
                        [
                            "R_brow_mid_Ctrl.ty",
                            3.552713678800501e-15
                        ],
                        [
                            "R_down_lid_Ctrl.ty",
                            0.15
                        ]
                    ],
                    "driver_value": 0.15,
                    "index": 2,
                    "mesh_names": [
                        "down_lid_12_2_target_targets_a_msh"
                    ],
                    "root_name": "down_lid",
                    "side": "right"
                }
            ]
        },
        {
            "driver_plug": "R_brow_in_Ctrl.brow_down_blink",
            "index": null,
            "root_name": "brow_down_blink_a",
            "side": "right",
            "targets": [
                {
                    "attribute_values": [
                        [
                            "R_brow_in_Ctrl.ty",
                            -0.25
                        ],
                        [
                            "R_brow_mid_Ctrl.ty",
                            3.552713678800501e-15
                        ],
                        [
                            "R_up_lid_Ctrl.ty",
                            -0.3
                        ],
                        [
                            "R_brow_in_Ctrl.brow_down_blink",
                            1.0
                        ]
                    ],
                    "driver_value": 1.0,
                    "index": 1,
                    "mesh_names": [
                        "brow_down_blink_a_13_1_target_targets_a_msh"
                    ],
                    "root_name": "brow_down_blink_a",
                    "side": "right"
                }
            ]
        },
        {
            "driver_plug": "R_brow_mid_Ctrl.brow_down_blink",
            "index": null,
            "root_name": "brow_down_blink_b",
            "side": "right",
            "targets": [
                {
                    "attribute_values": [
                        [
                            "R_brow_mid_Ctrl.ty",
                            -0.25
                        ],
                        [
                            "R_up_lid_Ctrl.ty",
                            -0.3
                        ],
                        [
                            "R_brow_mid_Ctrl.brow_down_blink",
                            1.0
                        ]
                    ],
                    "driver_value": 1.0,
                    "index": 1,
                    "mesh_names": [
                        "brow_down_blink_b_14_1_target_targets_a_msh"
                    ],
                    "root_name": "brow_down_blink_b",
                    "side": "right"
                }
            ]
        },
        {
            "driver_plug": "R_brow_out_Ctrl.brow_down_blink",
            "index": null,
            "root_name": "brow_down_blink_c",
            "side": "right",
            "targets": [
                {
                    "attribute_values": [
                        [
                            "R_brow_mid_Ctrl.ty",
                            3.552713678800501e-15
                        ],
                        [
                            "R_brow_out_Ctrl.ty",
                            -0.25
                        ],
                        [
                            "R_up_lid_Ctrl.ty",
                            -0.3
                        ],
                        [
                            "R_brow_out_Ctrl.brow_down_blink",
                            1.0
                        ]
                    ],
                    "driver_value": 1.0,
                    "index": 1,
                    "mesh_names": [
                        "brow_down_blink_c_15_1_target_targets_a_msh"
                    ],
                    "root_name": "brow_down_blink_c",
                    "side": "right"
                }
            ]
        },
        {
            "driver_plug": "L_mouth_cheek_Ctrl.tz",
            "index": null,
            "root_name": "cheek_vertical",
            "side": "left",
            "targets": [
                {
                    "attribute_values": [
                        [
                            "R_brow_mid_Ctrl.ty",
                            3.552713678800501e-15
                        ],
                        [
                            "L_mouth_cheek_Ctrl.tz",
                            0.4
                        ]
                    ],
                    "driver_value": 0.4,
                    "index": 1,
                    "mesh_names": [
                        "cheek_vertical_16_1_target_targets_a_msh"
                    ],
                    "root_name": "cheek_vertical",
                    "side": "left"
                },
                {
                    "attribute_values": [
                        [
                            "R_brow_mid_Ctrl.ty",
                            3.552713678800501e-15
                        ],
                        [
                            "L_mouth_cheek_Ctrl.tz",
                            -0.4
                        ]
                    ],
                    "driver_value": -0.4,
                    "index": 2,
                    "mesh_names": [
                        "cheek_vertical_16_2_target_targets_a_msh"
                    ],
                    "root_name": "cheek_vertical",
                    "side": "left"
                }
            ]
        },
        {
            "driver_plug": "L_mouth_cheek_Ctrl.tx",
            "index": null,
            "root_name": "cheek_horizontal",
            "side": "left",
            "targets": [
                {
                    "attribute_values": [
                        [
                            "R_brow_mid_Ctrl.ty",
                            3.552713678800501e-15
                        ],
                        [
                            "L_mouth_cheek_Ctrl.tz",
                            1.7763568394002505e-15
                        ],
                        [
                            "L_mouth_cheek_Ctrl.tx",
                            0.4
                        ]
                    ],
                    "driver_value": 0.4,
                    "index": 1,
                    "mesh_names": [
                        "cheek_horizontal_17_1_target_targets_a_msh"
                    ],
                    "root_name": "cheek_horizontal",
                    "side": "left"
                },
                {
                    "attribute_values": [
                        [
                            "R_brow_mid_Ctrl.ty",
                            3.552713678800501e-15
                        ],
                        [
                            "L_mouth_cheek_Ctrl.tz",
                            1.7763568394002505e-15
                        ],
                        [
                            "L_mouth_cheek_Ctrl.tx",
                            -0.4
                        ]
                    ],
                    "driver_value": -0.4,
                    "index": 2,
                    "mesh_names": [
                        "cheek_horizontal_17_2_target_targets_a_msh"
                    ],
                    "root_name": "cheek_horizontal",
                    "side": "left"
                }
            ]
        },
        {
            "driver_plug": "R_mouth_cheek_Ctrl.tz",
            "index": null,
            "root_name": "cheek_vertical",
            "side": "right",
            "targets": [
                {
                    "attribute_values": [
                        [
                            "R_brow_mid_Ctrl.ty",
                            3.552713678800501e-15
                        ],
                        [
                            "L_mouth_cheek_Ctrl.tz",
                            1.7763568394002505e-15
                        ],
                        [
                            "L_mouth_cheek_Ctrl.tx",
                            -1.942890293094024e-16
                        ],
                        [
                            "R_mouth_cheek_Ctrl.tz",
                            0.4
                        ]
                    ],
                    "driver_value": 0.4,
                    "index": 1,
                    "mesh_names": [
                        "cheek_vertical_18_1_target_targets_a_msh"
                    ],
                    "root_name": "cheek_vertical",
                    "side": "right"
                },
                {
                    "attribute_values": [
                        [
                            "R_brow_mid_Ctrl.ty",
                            3.552713678800501e-15
                        ],
                        [
                            "L_mouth_cheek_Ctrl.tz",
                            1.7763568394002505e-15
                        ],
                        [
                            "L_mouth_cheek_Ctrl.tx",
                            -1.942890293094024e-16
                        ],
                        [
                            "R_mouth_cheek_Ctrl.tz",
                            -0.4
                        ]
                    ],
                    "driver_value": -0.4,
                    "index": 2,
                    "mesh_names": [
                        "cheek_vertical_18_2_target_targets_a_msh"
                    ],
                    "root_name": "cheek_vertical",
                    "side": "right"
                }
            ]
        },
        {
            "driver_plug": "R_mouth_cheek_Ctrl.tx",
            "index": null,
            "root_name": "cheek_horizontal",
            "side": "right",
            "targets": [
                {
                    "attribute_values": [
                        [
                            "R_brow_mid_Ctrl.ty",
                            3.552713678800501e-15
                        ],
                        [
                            "L_mouth_cheek_Ctrl.tz",
                            1.7763568394002505e-15
                        ],
                        [
                            "L_mouth_cheek_Ctrl.tx",
                            -1.942890293094024e-16
                        ],
                        [
                            "R_mouth_cheek_Ctrl.tx",
                            0.4
                        ]
                    ],
                    "driver_value": 0.4,
                    "index": 1,
                    "mesh_names": [
                        "cheek_horizontal_19_1_target_targets_a_msh"
                    ],
                    "root_name": "cheek_horizontal",
                    "side": "right"
                },
                {
                    "attribute_values": [
                        [
                            "R_brow_mid_Ctrl.ty",
                            3.552713678800501e-15
                        ],
                        [
                            "L_mouth_cheek_Ctrl.tz",
                            1.7763568394002505e-15
                        ],
                        [
                            "L_mouth_cheek_Ctrl.tx",
                            -1.942890293094024e-16
                        ],
                        [
                            "R_mouth_cheek_Ctrl.tx",
                            -0.4
                        ]
                    ],
                    "driver_value": -0.4,
                    "index": 2,
                    "mesh_names": [
                        "cheek_horizontal_19_2_target_targets_a_msh"
                    ],
                    "root_name": "cheek_horizontal",
                    "side": "right"
                }
            ]
        },
        {
            "driver_plug": "L_mouth_cheek_Ctrl.mouth_back",
            "index": null,
            "root_name": "mouth_back",
            "side": "center",
            "targets": [
                {
                    "attribute_values": [
                        [
                            "R_brow_mid_Ctrl.ty",
                            3.552713678800501e-15
                        ],
                        [
                            "L_mouth_cheek_Ctrl.tz",
                            1.7763568394002505e-15
                        ],
                        [
                            "L_mouth_cheek_Ctrl.tx",
                            0.4
                        ],
                        [
                            "R_mouth_cheek_Ctrl.tx",
                            0.4
                        ],
                        [
                            "L_mouth_cheek_Ctrl.mouth_back",
                            0.1600000113248825
                        ]
                    ],
                    "driver_value": 0.16,
                    "index": 1,
                    "mesh_names": [
                        "mouth_back_20_1_target_targets_a_msh"
                    ],
                    "root_name": "mouth_back",
                    "side": "center"
                }
            ]
        },
        {
            "driver_plug": "L_mouth_cheek_Ctrl.mouth_pucker",
            "index": null,
            "root_name": "mouth_pucker",
            "side": "center",
            "targets": [
                {
                    "attribute_values": [
                        [
                            "R_brow_mid_Ctrl.ty",
                            3.552713678800501e-15
                        ],
                        [
                            "L_mouth_cheek_Ctrl.tz",
                            1.7763568394002505e-15
                        ],
                        [
                            "L_mouth_cheek_Ctrl.tx",
                            -0.4
                        ],
                        [
                            "R_mouth_cheek_Ctrl.tx",
                            -0.4
                        ],
                        [
                            "L_mouth_cheek_Ctrl.mouth_pucker",
                            0.15999998152256012
                        ]
                    ],
                    "driver_value": 0.16,
                    "index": 1,
                    "mesh_names": [
                        "mouth_pucker_21_1_target_targets_a_msh"
                    ],
                    "root_name": "mouth_pucker",
                    "side": "center"
                }
            ]
        },
        {
            "driver_plug": "L_mouth_cheek_Ctrl.cheek_up_back",
            "index": null,
            "root_name": "smile",
            "side": "left",
            "targets": [
                {
                    "attribute_values": [
                        [
                            "R_brow_mid_Ctrl.ty",
                            3.552713678800501e-15
                        ],
                        [
                            "L_mouth_cheek_Ctrl.tz",
                            -0.4
                        ],
                        [
                            "L_mouth_cheek_Ctrl.tx",
                            0.4
                        ],
                        [
                            "R_mouth_cheek_Ctrl.tx",
                            1.1102230246251565e-15
                        ],
                        [
                            "L_mouth_cheek_Ctrl.mouth_back",
                            4.440892098500626e-16
                        ],
                        [
                            "L_mouth_cheek_Ctrl.cheek_up_back",
                            0.1599999964237213
                        ]
                    ],
                    "driver_value": 0.16,
                    "index": 1,
                    "mesh_names": [
                        "smile_22_1_target_targets_a_msh"
                    ],
                    "root_name": "smile",
                    "side": "left"
                }
            ]
        },
        {
            "driver_plug": "L_mouth_cheek_Ctrl.cheek_down_back",
            "index": null,
            "root_name": "frown",
            "side": "left",
            "targets": [
                {
                    "attribute_values": [
                        [
                            "R_brow_mid_Ctrl.ty",
                            3.552713678800501e-15
                        ],
                        [
                            "L_mouth_cheek_Ctrl.tz",
                            0.4
                        ],
                        [
                            "L_mouth_cheek_Ctrl.tx",
                            0.4
                        ],
                        [
                            "R_mouth_cheek_Ctrl.tx",
                            1.1102230246251565e-15
                        ],
                        [
                            "L_mouth_cheek_Ctrl.mouth_back",
                            4.440892098500626e-16
                        ],
                        [
                            "L_mouth_cheek_Ctrl.cheek_down_back",
                            0.1600000113248825
                        ]
                    ],
                    "driver_value": 0.16,
                    "index": 1,
                    "mesh_names": [
                        "frown_23_1_target_targets_a_msh"
                    ],
                    "root_name": "frown",
                    "side": "left"
                }
            ]
        },
        {
            "driver_plug": "R_mouth_cheek_Ctrl.cheek_up_back",
            "index": null,
            "root_name": "smile",
            "side": "right",
            "targets": [
                {
                    "attribute_values": [
                        [
                            "R_brow_mid_Ctrl.ty",
                            3.552713678800501e-15
                        ],
                        [
                            "L_mouth_cheek_Ctrl.tz",
                            1.7763568394002505e-15
                        ],
                        [
                            "L_mouth_cheek_Ctrl.tx",
                            -1.942890293094024e-16
                        ],
                        [
                            "R_mouth_cheek_Ctrl.tz",
                            -0.4
                        ],
                        [
                            "R_mouth_cheek_Ctrl.tx",
                            0.4
                        ],
                        [
                            "R_mouth_cheek_Ctrl.cheek_up_back",
                            0.1599999964237213
                        ]
                    ],
                    "driver_value": 0.16,
                    "index": 1,
                    "mesh_names": [
                        "smile_24_1_target_targets_a_msh"
                    ],
                    "root_name": "smile",
                    "side": "right"
                }
            ]
        },
        {
            "driver_plug": "R_mouth_cheek_Ctrl.cheek_down_back",
            "index": null,
            "root_name": "frown",
            "side": "right",
            "targets": [
                {
                    "attribute_values": [
                        [
                            "R_brow_mid_Ctrl.ty",
                            3.552713678800501e-15
                        ],
                        [
                            "L_mouth_cheek_Ctrl.tz",
                            1.7763568394002505e-15
                        ],
                        [
                            "L_mouth_cheek_Ctrl.tx",
                            -1.942890293094024e-16
                        ],
                        [
                            "R_mouth_cheek_Ctrl.tz",
                            0.4
                        ],
                        [
                            "R_mouth_cheek_Ctrl.tx",
                            0.4
                        ],
                        [
                            "R_mouth_cheek_Ctrl.cheek_down_back",
                            0.1600000113248825
                        ]
                    ],
                    "driver_value": 0.16,
                    "index": 1,
                    "mesh_names": [
                        "frown_25_1_target_targets_a_msh"
                    ],
                    "root_name": "frown",
                    "side": "right"
                }
            ]
        },
        {
            "driver_plug": "L_mouth_cheek_Ctrl.smile",
            "index": null,
            "root_name": "full_smile",
            "side": "right",
            "targets": [
                {
                    "attribute_values": [
                        [
                            "R_brow_mid_Ctrl.ty",
                            3.552713678800501e-15
                        ],
                        [
                            "L_mouth_cheek_Ctrl.tz",
                            -0.4
                        ],
                        [
                            "L_mouth_cheek_Ctrl.tx",
                            0.4
                        ],
                        [
                            "R_mouth_cheek_Ctrl.tz",
                            -0.4
                        ],
                        [
                            "R_mouth_cheek_Ctrl.tx",
                            0.4
                        ],
                        [
                            "L_mouth_cheek_Ctrl.mouth_back",
                            0.1600000113248825
                        ],
                        [
                            "L_mouth_cheek_Ctrl.cheek_up_back",
                            0.1599999964237213
                        ],
                        [
                            "R_mouth_cheek_Ctrl.cheek_up_back",
                            0.1599999964237213
                        ],
                        [
                            "L_mouth_cheek_Ctrl.smile",
                            0.025599999353289604
                        ]
                    ],
                    "driver_value": 0.03,
                    "index": 1,
                    "mesh_names": [
                        "smile_26_1_target_targets_a_msh"
                    ],
                    "root_name": "smile",
                    "side": "right"
                }
            ]
        },
        {
            "driver_plug": "L_mouth_cheek_Ctrl.frown",
            "index": null,
            "root_name": "full_frown",
            "side": "right",
            "targets": [
                {
                    "attribute_values": [
                        [
                            "R_brow_mid_Ctrl.ty",
                            3.552713678800501e-15
                        ],
                        [
                            "L_mouth_cheek_Ctrl.tz",
                            0.4
                        ],
                        [
                            "L_mouth_cheek_Ctrl.tx",
                            0.4
                        ],
                        [
                            "R_mouth_cheek_Ctrl.tz",
                            0.4
                        ],
                        [
                            "R_mouth_cheek_Ctrl.tx",
                            0.4
                        ],
                        [
                            "L_mouth_cheek_Ctrl.mouth_back",
                            0.1600000113248825
                        ],
                        [
                            "L_mouth_cheek_Ctrl.cheek_down_back",
                            0.1600000113248825
                        ],
                        [
                            "R_mouth_cheek_Ctrl.cheek_down_back",
                            0.1600000113248825
                        ],
                        [
                            "L_mouth_cheek_Ctrl.frown",
                            0.025600003078579903
                        ]
                    ],
                    "driver_value": 0.03,
                    "index": 1,
                    "mesh_names": [
                        "frown_27_1_target_targets_a_msh"
                    ],
                    "root_name": "frown",
                    "side": "right"
                }
            ]
        },
        {
            "driver_plug": "C_mouth_lips_Ctrl.tx",
            "index": null,
            "root_name": "mouth_horizontal",
            "side": "left",
            "targets": [
                {
                    "attribute_values": [
                        [
                            "R_brow_mid_Ctrl.ty",
                            3.552713678800501e-15
                        ],
                        [
                            "L_mouth_cheek_Ctrl.tz",
                            1.7763568394002505e-15
                        ],
                        [
                            "L_mouth_cheek_Ctrl.tx",
                            -1.942890293094024e-16
                        ],
                        [
                            "R_mouth_cheek_Ctrl.tx",
                            1.1102230246251565e-15
                        ],
                        [
                            "C_mouth_lips_Ctrl.tx",
                            0.4
                        ]
                    ],
                    "driver_value": 0.4,
                    "index": 1,
                    "mesh_names": [
                        "mouth_horizontal_28_1_target_targets_a_msh"
                    ],
                    "root_name": "mouth_horizontal",
                    "side": "left"
                },
                {
                    "attribute_values": [
                        [
                            "R_brow_mid_Ctrl.ty",
                            3.552713678800501e-15
                        ],
                        [
                            "L_mouth_cheek_Ctrl.tz",
                            1.7763568394002505e-15
                        ],
                        [
                            "L_mouth_cheek_Ctrl.tx",
                            -1.942890293094024e-16
                        ],
                        [
                            "R_mouth_cheek_Ctrl.tx",
                            1.1102230246251565e-15
                        ],
                        [
                            "C_mouth_lips_Ctrl.tx",
                            -0.4
                        ]
                    ],
                    "driver_value": -0.4,
                    "index": 2,
                    "mesh_names": [
                        "mouth_horizontal_28_2_target_targets_a_msh"
                    ],
                    "root_name": "mouth_horizontal",
                    "side": "left"
                },
                {
                    "attribute_values": [
                        [
                            "R_brow_mid_Ctrl.ty",
                            3.552713678800501e-15
                        ],
                        [
                            "L_mouth_cheek_Ctrl.tz",
                            1.7763568394002505e-15
                        ],
                        [
                            "L_mouth_cheek_Ctrl.tx",
                            -1.942890293094024e-16
                        ],
                        [
                            "R_mouth_cheek_Ctrl.tx",
                            1.1102230246251565e-15
                        ],
                        [
                            "C_mouth_lips_Ctrl.tx",
                            0.2
                        ]
                    ],
                    "driver_value": 0.2,
                    "index": 3,
                    "mesh_names": [
                        "mouth_horizontal_28_3_target_targets_a_msh"
                    ],
                    "root_name": "mouth_horizontal",
                    "side": "left"
                },
                {
                    "attribute_values": [
                        [
                            "R_brow_mid_Ctrl.ty",
                            3.552713678800501e-15
                        ],
                        [
                            "L_mouth_cheek_Ctrl.tz",
                            1.7763568394002505e-15
                        ],
                        [
                            "L_mouth_cheek_Ctrl.tx",
                            -1.942890293094024e-16
                        ],
                        [
                            "R_mouth_cheek_Ctrl.tx",
                            1.1102230246251565e-15
                        ],
                        [
                            "C_mouth_lips_Ctrl.tx",
                            -0.2
                        ]
                    ],
                    "driver_value": -0.2,
                    "index": 4,
                    "mesh_names": [
                        "mouth_horizontal_28_4_target_targets_a_msh"
                    ],
                    "root_name": "mouth_horizontal",
                    "side": "left"
                }
            ]
        },
        {
            "driver_plug": "C_mouth_lips_Ctrl.tz",
            "index": null,
            "root_name": "mouth_vertical",
            "side": "center",
            "targets": [
                {
                    "attribute_values": [
                        [
                            "R_brow_mid_Ctrl.ty",
                            3.552713678800501e-15
                        ],
                        [
                            "L_mouth_cheek_Ctrl.tz",
                            1.7763568394002505e-15
                        ],
                        [
                            "L_mouth_cheek_Ctrl.tx",
                            -1.942890293094024e-16
                        ],
                        [
                            "R_mouth_cheek_Ctrl.tx",
                            1.1102230246251565e-15
                        ],
                        [
                            "C_mouth_lips_Ctrl.tz",
                            0.4
                        ]
                    ],
                    "driver_value": 0.4,
                    "index": 1,
                    "mesh_names": [
                        "mouth_vertical_29_1_target_targets_a_msh"
                    ],
                    "root_name": "mouth_vertical",
                    "side": "center"
                },
                {
                    "attribute_values": [
                        [
                            "R_brow_mid_Ctrl.ty",
                            3.552713678800501e-15
                        ],
                        [
                            "L_mouth_cheek_Ctrl.tz",
                            1.7763568394002505e-15
                        ],
                        [
                            "L_mouth_cheek_Ctrl.tx",
                            -1.942890293094024e-16
                        ],
                        [
                            "R_mouth_cheek_Ctrl.tx",
                            1.1102230246251565e-15
                        ],
                        [
                            "C_mouth_lips_Ctrl.tz",
                            -0.4
                        ]
                    ],
                    "driver_value": -0.4,
                    "index": 2,
                    "mesh_names": [
                        "mouth_vertical_29_2_target_targets_a_msh"
                    ],
                    "root_name": "mouth_vertical",
                    "side": "center"
                }
            ]
        },
        {
            "driver_plug": "C_mouth_lips_Ctrl.ty",
            "index": null,
            "root_name": "mouth_forward",
            "side": "center",
            "targets": [
                {
                    "attribute_values": [
                        [
                            "R_brow_mid_Ctrl.ty",
                            3.552713678800501e-15
                        ],
                        [
                            "L_mouth_cheek_Ctrl.tz",
                            1.7763568394002505e-15
                        ],
                        [
                            "L_mouth_cheek_Ctrl.tx",
                            -1.942890293094024e-16
                        ],
                        [
                            "R_mouth_cheek_Ctrl.tx",
                            1.1102230246251565e-15
                        ],
                        [
                            "C_mouth_lips_Ctrl.ty",
                            0.4
                        ]
                    ],
                    "driver_value": 0.4,
                    "index": 1,
                    "mesh_names": [
                        "mouth_forward_30_1_target_targets_a_msh"
                    ],
                    "root_name": "mouth_forward",
                    "side": "center"
                }
            ]
        },
        {
            "driver_plug": "C_jaw_aim_handle_Ctrl.ty",
            "index": null,
            "root_name": "jaw_vertical",
            "side": "center",
            "targets": [
                {
                    "attribute_values": [
                        [
                            "R_brow_mid_Ctrl.ty",
                            3.552713678800501e-15
                        ],
                        [
                            "L_mouth_cheek_Ctrl.tz",
                            1.7763568394002505e-15
                        ],
                        [
                            "L_mouth_cheek_Ctrl.tx",
                            -1.942890293094024e-16
                        ],
                        [
                            "R_mouth_cheek_Ctrl.tx",
                            1.1102230246251565e-15
                        ],
                        [
                            "C_jaw_aim_handle_Ctrl.ty",
                            2.0
                        ]
                    ],
                    "driver_value": 2.0,
                    "index": 1,
                    "mesh_names": [
                        "jaw_vertical_31_1_target_targets_a_msh"
                    ],
                    "root_name": "jaw_vertical",
                    "side": "center"
                },
                {
                    "attribute_values": [
                        [
                            "R_brow_mid_Ctrl.ty",
                            3.552713678800501e-15
                        ],
                        [
                            "L_mouth_cheek_Ctrl.tz",
                            1.7763568394002505e-15
                        ],
                        [
                            "L_mouth_cheek_Ctrl.tx",
                            -1.942890293094024e-16
                        ],
                        [
                            "R_mouth_cheek_Ctrl.tx",
                            1.1102230246251565e-15
                        ],
                        [
                            "C_jaw_aim_handle_Ctrl.ty",
                            -1.0
                        ]
                    ],
                    "driver_value": -1.0,
                    "index": 2,
                    "mesh_names": [
                        "jaw_vertical_31_2_target_targets_a_msh"
                    ],
                    "root_name": "jaw_vertical",
                    "side": "center"
                }
            ]
        },
        {
            "driver_plug": "C_jaw_aim_handle_Ctrl.tx",
            "index": null,
            "root_name": "jaw_horizontal",
            "side": "center",
            "targets": [
                {
                    "attribute_values": [
                        [
                            "R_brow_mid_Ctrl.ty",
                            3.552713678800501e-15
                        ],
                        [
                            "L_mouth_cheek_Ctrl.tz",
                            1.7763568394002505e-15
                        ],
                        [
                            "L_mouth_cheek_Ctrl.tx",
                            -1.942890293094024e-16
                        ],
                        [
                            "R_mouth_cheek_Ctrl.tx",
                            1.1102230246251565e-15
                        ],
                        [
                            "C_jaw_aim_handle_Ctrl.tx",
                            1.0
                        ]
                    ],
                    "driver_value": 1.0,
                    "index": 1,
                    "mesh_names": [
                        "jaw_horizontal_32_1_target_targets_a_msh"
                    ],
                    "root_name": "jaw_horizontal",
                    "side": "center"
                }
            ]
        },
        {
            "driver_plug": "C_mouth_lips_Ctrl.pucker",
            "index": null,
            "root_name": "pucker",
            "side": "center",
            "targets": [
                {
                    "attribute_values": [
                        [
                            "R_brow_mid_Ctrl.ty",
                            3.552713678800501e-15
                        ],
                        [
                            "L_mouth_cheek_Ctrl.tz",
                            1.7763568394002505e-15
                        ],
                        [
                            "L_mouth_cheek_Ctrl.tx",
                            -1.942890293094024e-16
                        ],
                        [
                            "R_mouth_cheek_Ctrl.tx",
                            1.1102230246251565e-15
                        ],
                        [
                            "C_mouth_lips_Ctrl.pucker",
                            1.0
                        ]
                    ],
                    "driver_value": 1.0,
                    "index": 1,
                    "mesh_names": [
                        "pucker_33_1_target_targets_a_msh"
                    ],
                    "root_name": "pucker",
                    "side": "center"
                }
            ]
        },
        {
            "driver_plug": "L_mouth_cheek_Ctrl.puff",
            "index": null,
            "root_name": "puff",
            "side": "left",
            "targets": [
                {
                    "attribute_values": [
                        [
                            "R_brow_mid_Ctrl.ty",
                            3.552713678800501e-15
                        ],
                        [
                            "L_mouth_cheek_Ctrl.tz",
                            1.7763568394002505e-15
                        ],
                        [
                            "L_mouth_cheek_Ctrl.tx",
                            -1.942890293094024e-16
                        ],
                        [
                            "R_mouth_cheek_Ctrl.tx",
                            1.1102230246251565e-15
                        ],
                        [
                            "L_mouth_cheek_Ctrl.puff",
                            1.0
                        ]
                    ],
                    "driver_value": 1.0,
                    "index": 1,
                    "mesh_names": [
                        "puff_34_1_target_targets_a_msh"
                    ],
                    "root_name": "puff",
                    "side": "left"
                }
            ]
        },
        {
            "driver_plug": "R_mouth_cheek_Ctrl.puff",
            "index": null,
            "root_name": "puff",
            "side": "right",
            "targets": [
                {
                    "attribute_values": [
                        [
                            "R_brow_mid_Ctrl.ty",
                            3.552713678800501e-15
                        ],
                        [
                            "L_mouth_cheek_Ctrl.tz",
                            1.7763568394002505e-15
                        ],
                        [
                            "L_mouth_cheek_Ctrl.tx",
                            -1.942890293094024e-16
                        ],
                        [
                            "R_mouth_cheek_Ctrl.tx",
                            1.1102230246251565e-15
                        ],
                        [
                            "R_mouth_cheek_Ctrl.puff",
                            1.0
                        ]
                    ],
                    "driver_value": 1.0,
                    "index": 1,
                    "mesh_names": [
                        "puff_35_1_target_targets_a_msh"
                    ],
                    "root_name": "puff",
                    "side": "right"
                }
            ]
        },
        {
            "driver_plug": "L_mouth_cheek_Ctrl.spread",
            "index": null,
            "root_name": "lip_spread",
            "side": "left",
            "targets": [
                {
                    "attribute_values": [
                        [
                            "R_brow_mid_Ctrl.ty",
                            3.552713678800501e-15
                        ],
                        [
                            "L_mouth_cheek_Ctrl.tz",
                            1.7763568394002505e-15
                        ],
                        [
                            "L_mouth_cheek_Ctrl.tx",
                            -1.942890293094024e-16
                        ],
                        [
                            "R_mouth_cheek_Ctrl.tx",
                            1.1102230246251565e-15
                        ],
                        [
                            "L_mouth_cheek_Ctrl.spread",
                            1.0
                        ]
                    ],
                    "driver_value": 1.0,
                    "index": 1,
                    "mesh_names": [
                        "lip_spread_36_1_target_targets_a_msh"
                    ],
                    "root_name": "lip_spread",
                    "side": null
                }
            ]
        },
        {
            "driver_plug": "R_mouth_cheek_Ctrl.spread",
            "index": null,
            "root_name": "lip_spread",
            "side": "right",
            "targets": [
                {
                    "attribute_values": [
                        [
                            "R_brow_mid_Ctrl.ty",
                            3.552713678800501e-15
                        ],
                        [
                            "R_mouth_cheek_Ctrl.tx",
                            1.1102230246251565e-15
                        ]
                    ],
                    "driver_value": 1.0,
                    "index": 1,
                    "mesh_names": [
                        "lip_spread_37_1_target_targets_a_msh"
                    ],
                    "root_name": "lip_spread",
                    "side": null
                }
            ]
        },
        {
            "driver_plug": "L_sneer_Ctrl.ty",
            "index": null,
            "root_name": "sneer",
            "side": "left",
            "targets": [
                {
                    "attribute_values": [
                        [
                            "L_sneer_Ctrl.ty",
                            0.24039864617545467
                        ]
                    ],
                    "driver_value": 0.24,
                    "index": 1,
                    "mesh_names": [
                        "sneer_38_1_target_targets_a_msh"
                    ],
                    "root_name": "sneer",
                    "side": null
                }
            ]
        },
        {
            "driver_plug": "R_sneer_Ctrl.ty",
            "index": null,
            "root_name": "sneer",
            "side": "right",
            "targets": [
                {
                    "attribute_values": [],
                    "driver_value": 0.24,
                    "index": 1,
                    "mesh_names": [
                        "sneer_39_1_target_targets_a_msh"
                    ],
                    "root_name": "sneer",
                    "side": null
                }
            ]
        },
        {
            "driver_plug": "L_squint_Ctrl.ty",
            "index": null,
            "root_name": "squint",
            "side": "right",
            "targets": [
                {
                    "attribute_values": [
                        [
                            "L_squint_Ctrl.ty",
                            0.25
                        ]
                    ],
                    "driver_value": 0.25,
                    "index": 1,
                    "mesh_names": [
                        "squint_40_1_target_targets_a_msh"
                    ],
                    "root_name": "squint",
                    "side": null
                }
            ]
        },
        {
            "driver_plug": "R_squint_Ctrl.ty",
            "index": null,
            "root_name": "squint",
            "side": "left",
            "targets": [
                {
                    "attribute_values": [
                        [
                            "R_squint_Ctrl.ty",
                            0.25
                        ]
                    ],
                    "driver_value": 0.25,
                    "index": 1,
                    "mesh_names": [
                        "squint_41_1_target_targets_a_msh"
                    ],
                    "root_name": "squint",
                    "side": null
                }
            ]
        }
    ],
    "handle_vertices": [
        [
            [
                "MOB_headShapeDeformed",
                1644
            ]
        ],
        [
            [
                "MOB_headShapeDeformed",
                1403
            ]
        ],
        [
            [
                "MOB_headShapeDeformed",
                1366
            ]
        ],
        [
            [
                "MOB_headShapeDeformed",
                1445
            ]
        ],
        [
            [
                "MOB_headShapeDeformed",
                1294
            ]
        ],
        [
            [
                "MOB_headShapeDeformed",
                50
            ]
        ],
        [
            [
                "MOB_headShapeDeformed",
                28
            ]
        ],
        [
            [
                "MOB_headShapeDeformed",
                26
            ]
        ],
        [
            [
                "MOB_headShapeDeformed",
                208
            ]
        ],
        [
            [
                "MOB_headShapeDeformed",
                1934
            ]
        ],
        [
            [
                "MOB_headShapeDeformed",
                1375
            ]
        ],
        [
            [
                "MOB_headShapeDeformed",
                1437
            ]
        ],
        [
            [
                "MOB_headShapeDeformed",
                1299
            ]
        ],
        [
            [
                "MOB_headShapeDeformed",
                3
            ]
        ],
        [
            [
                "MOB_headShapeDeformed",
                5
            ]
        ],
        [
            [
                "MOB_headShapeDeformed",
                477
            ]
        ],
        [
            [
                "MOB_headShapeDeformed",
                337
            ]
        ],
        [
            [
                "MOB_headShapeDeformed",
                335
            ]
        ],
        [
            [
                "MOB_headShapeDeformed",
                350
            ]
        ],
        [
            [
                "MOB_headShapeDeformed",
                604
            ]
        ],
        [
            [
                "MOB_headShapeDeformed",
                331
            ]
        ],
        [
            [
                "MOB_headShapeDeformed",
                326
            ]
        ],
        [
            [
                "MOB_headShapeDeformed",
                472
            ]
        ],
        [
            [
                "MOB_headShapeDeformed",
                275
            ]
        ],
        [
            [
                "MOB_headShapeDeformed",
                547
            ]
        ],
        [
            [
                "MOB_headShapeDeformed",
                136
            ]
        ],
        [
            [
                "MOB_headShapeDeformed",
                1121
            ]
        ],
        [
            [
                "MOB_headShapeDeformed",
                1122
            ]
        ],
        [
            [
                "MOB_headShapeDeformed",
                1123
            ]
        ],
        [
            [
                "MOB_headShapeDeformed",
                1125
            ]
        ],
        [
            [
                "MOB_headShapeDeformed",
                1129
            ]
        ],
        [
            [
                "MOB_headShapeDeformed",
                1102
            ]
        ],
        [
            [
                "MOB_headShapeDeformed",
                1104
            ]
        ],
        [
            [
                "MOB_headShapeDeformed",
                1105
            ]
        ],
        [
            [
                "MOB_headShapeDeformed",
                1106
            ]
        ],
        [
            [
                "MOB_headShapeDeformed",
                1120
            ]
        ],
        [
            [
                "MOB_headShapeDeformed",
                1119
            ]
        ],
        [
            [
                "MOB_headShapeDeformed",
                1117
            ]
        ],
        [
            [
                "MOB_headShapeDeformed",
                1115
            ]
        ],
        [
            [
                "MOB_headShapeDeformed",
                1112
            ]
        ],
        [
            [
                "MOB_headShapeDeformed",
                1110
            ]
        ],
        [
            [
                "MOB_headShapeDeformed",
                1108
            ]
        ],
        [
            [
                "MOB_headShapeDeformed",
                1253
            ]
        ],
        [
            [
                "MOB_headShapeDeformed",
                1258
            ]
        ],
        [
            [
                "MOB_headShapeDeformed",
                1263
            ]
        ],
        [
            [
                "MOB_headShapeDeformed",
                1267
            ]
        ],
        [
            [
                "MOB_headShapeDeformed",
                1272
            ]
        ],
        [
            [
                "MOB_headShapeDeformed",
                2288
            ]
        ],
        [
            [
                "MOB_headShapeDeformed",
                888
            ]
        ],
        [
            [
                "MOB_headShapeDeformed",
                2339
            ]
        ],
        [
            [
                "MOB_headShapeDeformed",
                2312
            ]
        ],
        [
            [
                "MOB_headShapeDeformed",
                922
            ]
        ],
        [
            [
                "MOB_headShapeDeformed",
                914
            ]
        ],
        [
            [
                "MOB_headShapeDeformed",
                2194
            ]
        ],
        [
            [
                "MOB_headShapeDeformed",
                832
            ]
        ],
        [
            [
                "MOB_headShapeDeformed",
                873
            ]
        ],
        [
            [
                "MOB_headShapeDeformed",
                131
            ]
        ],
        [
            [
                "MOB_headShapeDeformed",
                542
            ]
        ],
        [
            [
                "MOB_headShapeDeformed",
                421
            ]
        ],
        [
            [
                "MOB_headShapeDeformed",
                785
            ]
        ],
        [
            [
                "MOB_headShapeDeformed",
                588
            ]
        ],
        [
            [
                "MOB_headShapeDeformed",
                445
            ]
        ],
        [
            [
                "MOB_headShapeDeformed",
                540
            ]
        ],
        [
            [
                "MOB_headShapeDeformed",
                538
            ]
        ],
        [
            [
                "MOB_headShapeDeformed",
                551
            ]
        ],
        [
            [
                "MOB_headShapeDeformed",
                1615
            ]
        ],
        [
            [
                "MOB_headShapeDeformed",
                2362
            ]
        ],
        [
            [
                "MOB_headShapeDeformed",
                2366
            ]
        ],
        [
            [
                "MOB_headShapeDeformed",
                2310
            ]
        ],
        [
            [
                "MOB_headShapeDeformed",
                2360
            ]
        ],
        [
            [
                "MOB_headShapeDeformed",
                2330
            ]
        ],
        [
            [
                "MOB_headShapeDeformed",
                2334
            ]
        ],
        [
            [
                "MOB_headShapeDeformed",
                1275
            ]
        ],
        [
            [
                "MOB_headShapeDeformed",
                943
            ]
        ],
        [
            [
                "MOB_headShapeDeformed",
                957
            ]
        ],
        [
            [
                "MOB_headShapeDeformed",
                947
            ]
        ],
        [
            [
                "MOB_headShapeDeformed",
                936
            ]
        ],
        [
            [
                "MOB_headShapeDeformed",
                1031
            ]
        ],
        [
            [
                "MOB_headShapeDeformed",
                931
            ]
        ],
        [
            [
                "MOB_headShapeDeformed",
                126
            ]
        ],
        [
            [
                "MOB_headShapeDeformed",
                1323
            ]
        ],
        [
            [
                "MOB_headShapeDeformed",
                2389
            ]
        ],
        [
            [
                "MOB_headShapeDeformed",
                2411
            ]
        ],
        [
            [
                "MOB_headShapeDeformed",
                2433
            ]
        ],
        [
            [
                "MOB_headShapeDeformed",
                2413
            ]
        ],
        [
            [
                "MOB_headShapeDeformed",
                2417
            ]
        ],
        [
            [
                "MOB_headShapeDeformed",
                1281
            ]
        ],
        [
            [
                "MOB_headShapeDeformed",
                1022
            ]
        ],
        [
            [
                "MOB_headShapeDeformed",
                1020
            ]
        ],
        [
            [
                "MOB_headShapeDeformed",
                1018
            ]
        ],
        [
            [
                "MOB_headShapeDeformed",
                1049
            ]
        ],
        [
            [
                "MOB_headShapeDeformed",
                1016
            ]
        ],
        [
            [
                "MOB_headShapeDeformed",
                2390
            ]
        ],
        [
            [
                "MOB_headShapeDeformed",
                2427
            ]
        ],
        [
            [
                "MOB_headShapeDeformed",
                2402
            ]
        ],
        [
            [
                "MOB_headShapeDeformed",
                2405
            ]
        ],
        [
            [
                "MOB_headShapeDeformed",
                1329
            ]
        ],
        [
            [
                "MOB_headShapeDeformed",
                1028
            ]
        ],
        [
            [
                "MOB_headShapeDeformed",
                1026
            ]
        ],
        [
            [
                "MOB_headShapeDeformed",
                1024
            ]
        ],
        [
            [
                "MOB_headShapeDeformed",
                1017
            ]
        ],
        [
            [
                "MOB_headShapeDeformed",
                2284
            ]
        ],
        [
            [
                "MOB_headShapeDeformed",
                1721
            ]
        ],
        [
            [
                "MOB_headShapeDeformed",
                1977
            ]
        ],
        [
            [
                "MOB_headShapeDeformed",
                1846
            ]
        ],
        [
            [
                "MOB_headShapeDeformed",
                2000
            ]
        ],
        [
            [
                "MOB_headShapeDeformed",
                1840
            ]
        ],
        [
            [
                "MOB_headShapeDeformed",
                1919
            ]
        ],
        [
            [
                "MOB_headShapeDeformed",
                1980
            ]
        ],
        [
            [
                "MOB_headShapeDeformed",
                1965
            ]
        ],
        [
            [
                "MOB_headShapeDeformed",
                1560
            ]
        ],
        [
            [
                "MOB_headShapeDeformed",
                1717
            ]
        ],
        [
            [
                "MOB_headShapeDeformed",
                1820
            ]
        ],
        [
            [
                "MOB_headShapeDeformed",
                1819
            ]
        ],
        [
            [
                "MOB_headShapeDeformed",
                1817
            ]
        ],
        [
            [
                "MOB_headShapeDeformed",
                1813
            ]
        ],
        [
            [
                "MOB_headShapeDeformed",
                1699
            ]
        ],
        [
            [
                "MOB_headShapeDeformed",
                1532
            ]
        ],
        [
            [
                "MOB_headShapeDeformed",
                1710
            ]
        ],
        [
            [
                "MOB_headShapeDeformed",
                1972
            ]
        ],
        [
            [
                "MOB_headShapeDeformed",
                1704
            ]
        ],
        [
            [
                "MOB_headShapeDeformed",
                1605
            ]
        ],
        [
            [
                "MOB_headShapeDeformed",
                1542
            ]
        ],
        [
            [
                "MOB_headShapeDeformed",
                1543
            ]
        ],
        [
            [
                "MOB_headShapeDeformed",
                1655
            ]
        ],
        [
            [
                "MOB_headShapeDeformed",
                1870
            ]
        ],
        [
            [
                "MOB_headShapeDeformed",
                1651
            ]
        ],
        [
            [
                "MOB_headShapeDeformed",
                1520
            ]
        ],
        [
            [
                "MOB_headShapeDeformed",
                1523
            ]
        ],
        [
            [
                "MOB_headShapeDeformed",
                1524
            ]
        ],
        [
            [
                "MOB_headShapeDeformed",
                1539
            ]
        ],
        [
            [
                "MOB_headShapeDeformed",
                1538
            ]
        ],
        [
            [
                "MOB_headShapeDeformed",
                1546
            ]
        ],
        [
            [
                "MOB_headShapeDeformed",
                1723
            ]
        ],
        [
            [
                "MOB_headShapeDeformed",
                1968
            ]
        ],
        [
            [
                "MOB_headShapeDeformed",
                1535
            ]
        ],
        [
            [
                "MOB_headShapeDeformed",
                1700
            ]
        ],
        []
    ],
    "root_name": "face"
}