{
    "C_Jaw_Base_Ctrl": [
        0.0,
        68.54680370907418,
        2.031370480231871
    ],
    "C_Jaw_Base_UpVector_Ctrl": [
        0.0,
        77.15339781559943,
        7.168264663772369
    ],
    "C_Jaw_Tip_Ctrl": [
        0.0,
        67.47852000903195,
        10.108184754593594
    ],
    "C_Main_Part_Ctrl": [
        0.0,
        0.0,
        0.0
    ],
    "C_Neck_A_Ctrl": [
        0.0,
        59.10396,
        0.80214
    ],
    "C_Neck_A_UpVector_Ctrl": [
        0.0,
        0.0,
        25.0
    ],
    "C_Neck_B_Ctrl": [
        0.0,
        61.40953,
        0.57825
    ],
    "C_Neck_C_Ctrl": [
        0.0,
        64.31003,
        0.53191
    ],
    "C_Neck_D_Ctrl": [
        0.00018,
        68.74342,
        0.45133
    ],
    "C_Neck_E_Ctrl": [
        0.0001,
        70.05349,
        -0.29422
    ],
    "C_Spine_A_Ctrl": [
        0.0,
        40.44986,
        0.29564
    ],
    "C_Spine_B_Ctrl": [
        0.0,
        44.2874,
        1.07563
    ],
    "C_Spine_ChestEnd_Ctrl": [
        0.0,
        57.95822,
        1.14465
    ],
    "C_Spine_Chest_Ctrl": [
        0.0,
        53.57102,
        1.89711
    ],
    "C_Spine_Cog_Ctrl": [
        0.0,
        37.5,
        0.0
    ],
    "C_Spine_Hip_Ctrl": [
        0.0,
        40.44986,
        0.29564
    ],
    "C_Spine_Hip_UpVector_Ctrl": [
        0.0,
        0.0,
        75.0
    ],
    "L_Arm_Clavicle_Ctrl": [
        1.5364,
        58.19587,
        1.08113
    ],
    "L_Arm_Clavicle_UpVector_Ctrl": [
        1.273097357111312,
        61.716656490905535,
        -78.76577631684516
    ],
    "L_Arm_Elbow_Ctrl": [
        15.064869151996685,
        48.14444664182177,
        -0.21045672576767016
    ],
    "L_Arm_HandEnd_Ctrl": [
        20.55938,
        42.49478,
        0.8599
    ],
    "L_Arm_Hand_Ctrl": [
        20.19354,
        42.89705,
        0.61778
    ],
    "L_Arm_Hand_UpVector_Ctrl": [
        105.0,
        0.0,
        -175.0
    ],
    "L_Arm_Shoulder_Ctrl": [
        6.16153,
        57.17208,
        0.14247
    ],
    "L_Arm_Shoulder_UpVector_Ctrl": [
        14.945053970293769,
        51.288424650583096,
        -66.36261418606024
    ],
    "L_Eye_Base_AimVector_Ctrl": [
        3.8384535945728917,
        75.90508030226181,
        11.61275722593344
    ],
    "L_Eye_Base_Ctrl": [
        3.8384535945728917,
        75.90508030226181,
        1.5088388290174914
    ],
    "L_Eye_Base_UpVector_Ctrl": [
        3.8384535945728917,
        84.07240109951807,
        1.5088388290174914
    ],
    "L_Index_A_Ctrl": [
        20.52914,
        41.87641,
        2.87723
    ],
    "L_Index_B_Ctrl": [
        24.9724,
        39.33461,
        3.73839
    ],
    "L_Index_C_Ctrl": [
        26.74808893152732,
        37.756471487254515,
        4.115517626385735
    ],
    "L_Index_D_Ctrl": [
        27.762702419040508,
        36.73505364795087,
        4.432699466516761
    ],
    "L_Index_Meta_Ctrl": [
        20.52914,
        41.87641,
        2.87723
    ],
    "L_Index_Meta_UpVector_Ctrl": [
        31.801922526063073,
        54.903427495535894,
        4.628479040853392
    ],
    "L_Leg_Base_Ctrl": [
        2.19767,
        40.20658,
        -0.4922828293257455
    ],
    "L_Leg_Base_UpVector_Ctrl": [
        0.7869527498697795,
        40.43867205823035,
        -45.31292105601941
    ],
    "L_Leg_Foot_Ctrl": [
        7.034321346634535,
        7.449554064403106,
        -3.9725766300561123
    ],
    "L_Leg_Foot_UpVector_Ctrl": [
        7.639138894260624,
        22.86836078196169,
        16.39673108288556
    ],
    "L_Leg_Heel_Pivot_Ctrl": [
        6.718636989593506,
        0.09838476777076721,
        -9.27426815032959
    ],
    "L_Leg_Hip_Ctrl": [
        4.633922667746441,
        40.02642,
        -0.36017282932574557
    ],
    "L_Leg_Hip_UpVector_Ctrl": [
        6.685764559586714,
        40.43267787140973,
        23.694139980528846
    ],
    "L_Leg_InFoot_Pivot_Ctrl": [
        1.3966991901397705,
        -0.3425709009170532,
        5.760031700134277
    ],
    "L_Leg_Knee_Ctrl": [
        5.769220513652677,
        24.95815807223398,
        -1.7426784686686734
    ],
    "L_Leg_OutFoot_Pivot_Ctrl": [
        13.656318664550781,
        -0.09136532247066498,
        5.217370986938477
    ],
    "L_Leg_ToeTip_Ctrl": [
        7.80518,
        3.49591,
        13.563896445645883
    ],
    "L_Leg_Toe_Ctrl": [
        7.439320291656572,
        3.12027,
        7.544040964990598
    ],
    "L_Leg_Toe_Pivot_Ctrl": [
        7.520809595902499,
        -0.23681311309337616,
        13.013193130493164
    ],
    "L_Middle_A_Ctrl": [
        21.25548,
        41.82571,
        1.03588
    ],
    "L_Middle_B_Ctrl": [
        25.36185,
        39.17586,
        1.75583
    ],
    "L_Middle_C_Ctrl": [
        27.136750473689844,
        37.41297568010852,
        1.8968583133841668
    ],
    "L_Middle_D_Ctrl": [
        28.25846,
        36.35058,
        1.92334
    ],
    "L_Middle_Meta_Ctrl": [
        21.25548,
        41.82571,
        1.03588
    ],
    "L_Middle_Meta_UpVector_Ctrl": [
        31.801921844482422,
        55.21592712402344,
        2.139938583166588
    ],
    "L_Pinky_A_Ctrl": [
        21.18324,
        42.51623,
        -1.80833
    ],
    "L_Pinky_B_Ctrl": [
        24.22562048791272,
        39.4666989194323,
        -2.1917688259321952
    ],
    "L_Pinky_C_Ctrl": [
        26.35608,
        37.62218,
        -2.70456
    ],
    "L_Pinky_D_Ctrl": [
        27.39276,
        36.74604,
        -2.96394
    ],
    "L_Pinky_Meta_Ctrl": [
        21.18324,
        42.51623,
        -1.80833
    ],
    "L_Pinky_Meta_UpVector_Ctrl": [
        31.801921844482422,
        55.21592712402344,
        -1.8005889002700126
    ],
    "L_Ring_A_Ctrl": [
        21.05643,
        42.41935,
        -0.64606
    ],
    "L_Ring_B_Ctrl": [
        24.9840763455896,
        39.530068421471924,
        -0.15115566118085527
    ],
    "L_Ring_C_Ctrl": [
        27.082960892964177,
        37.59805199464291,
        -0.46595762274466457
    ],
    "L_Ring_D_Ctrl": [
        28.05133328575235,
        36.411138676727454,
        -0.6164684932421073
    ],
    "L_Ring_Meta_Ctrl": [
        21.05643,
        42.41935,
        -0.64606
    ],
    "L_Ring_Meta_UpVector_Ctrl": [
        31.801921844482422,
        55.21592712402344,
        0.18623916301980215
    ],
    "L_Thumb_A_Ctrl": [
        20.50084,
        41.11988,
        3.11162
    ],
    "L_Thumb_B_Ctrl": [
        20.79745510235649,
        40.71890516237954,
        3.4979005288775387
    ],
    "L_Thumb_C_Ctrl": [
        21.00369,
        38.27936,
        5.83381
    ],
    "L_Thumb_Meta_Ctrl": [
        20.50084,
        41.11988,
        3.11162
    ],
    "L_Thumb_Meta_UpVector_Ctrl": [
        19.816235013256474,
        47.35696676971606,
        6.096244986044174
    ],
    "R_Arm_Clavicle_Ctrl": [
        -1.5364,
        58.19587,
        1.08113
    ],
    "R_Arm_Clavicle_UpVector_Ctrl": [
        -1.273097357111312,
        61.716656490905535,
        -78.76577631684516
    ],
    "R_Arm_Elbow_Ctrl": [
        -15.064869151996685,
        48.14444664182177,
        -0.21045672576767016
    ],
    "R_Arm_HandEnd_Ctrl": [
        -20.55938,
        42.49478,
        0.8599
    ],
    "R_Arm_Hand_Ctrl": [
        -20.19354,
        42.89705,
        0.61778
    ],
    "R_Arm_Hand_UpVector_Ctrl": [
        -105.0,
        0.0,
        -175.0
    ],
    "R_Arm_Shoulder_Ctrl": [
        -6.16153,
        57.17208,
        0.14247
    ],
    "R_Arm_Shoulder_UpVector_Ctrl": [
        -14.945053970293769,
        51.288424650583096,
        -66.36261418606024
    ],
    "R_Eye_Base_AimVector_Ctrl": [
        -3.8384535945728917,
        75.90508030226181,
        11.61275722593344
    ],
    "R_Eye_Base_Ctrl": [
        -3.8384535945728917,
        75.90508030226181,
        1.5088388290174914
    ],
    "R_Eye_Base_UpVector_Ctrl": [
        -3.8384535945728917,
        84.07240109951807,
        1.5088388290174914
    ],
    "R_Index_A_Ctrl": [
        -20.52914,
        41.87641,
        2.87723
    ],
    "R_Index_B_Ctrl": [
        -24.9724,
        39.33461,
        3.73839
    ],
    "R_Index_C_Ctrl": [
        -26.74808893152732,
        37.756471487254515,
        4.115517626385735
    ],
    "R_Index_D_Ctrl": [
        -27.762702419040508,
        36.73505364795087,
        4.432699466516761
    ],
    "R_Index_Meta_Ctrl": [
        -20.52914,
        41.87641,
        2.87723
    ],
    "R_Index_Meta_UpVector_Ctrl": [
        -31.801922526063073,
        54.903427495535894,
        4.628479040853392
    ],
    "R_Leg_Base_Ctrl": [
        -2.19767,
        40.20658,
        -0.4922828293257455
    ],
    "R_Leg_Base_UpVector_Ctrl": [
        -0.7869527498697795,
        40.43867205823035,
        -45.31292105601941
    ],
    "R_Leg_Foot_Ctrl": [
        -7.034321346634535,
        7.449554064403106,
        -3.9725766300561123
    ],
    "R_Leg_Foot_UpVector_Ctrl": [
        -7.639138894260624,
        22.86836078196169,
        16.39673108288556
    ],
    "R_Leg_Heel_Pivot_Ctrl": [
        -6.718636989593506,
        0.09838476777076721,
        -9.27426815032959
    ],
    "R_Leg_Hip_Ctrl": [
        -4.633922667746441,
        40.02642,
        -0.36017282932574557
    ],
    "R_Leg_Hip_UpVector_Ctrl": [
        -6.685764559586714,
        40.43267787140973,
        23.694139980528846
    ],
    "R_Leg_InFoot_Pivot_Ctrl": [
        -1.3966991901397705,
        -0.3425709009170532,
        5.760031700134277
    ],
    "R_Leg_Knee_Ctrl": [
        -5.769220513652677,
        24.95815807223398,
        -1.7426784686686734
    ],
    "R_Leg_OutFoot_Pivot_Ctrl": [
        -13.656318664550781,
        -0.09136532247066498,
        5.217370986938477
    ],
    "R_Leg_ToeTip_Ctrl": [
        -7.80518,
        3.49591,
        13.563896445645883
    ],
    "R_Leg_Toe_Ctrl": [
        -7.439320291656572,
        3.12027,
        7.544040964990598
    ],
    "R_Leg_Toe_Pivot_Ctrl": [
        -7.520809595902499,
        -0.23681311309337616,
        13.013193130493164
    ],
    "R_Middle_A_Ctrl": [
        -21.25548,
        41.82571,
        1.03588
    ],
    "R_Middle_B_Ctrl": [
        -25.36185,
        39.17586,
        1.75583
    ],
    "R_Middle_C_Ctrl": [
        -27.136750473689844,
        37.41297568010852,
        1.8968583133841668
    ],
    "R_Middle_D_Ctrl": [
        -28.25846,
        36.35058,
        1.92334
    ],
    "R_Middle_Meta_Ctrl": [
        -21.25548,
        41.82571,
        1.03588
    ],
    "R_Middle_Meta_UpVector_Ctrl": [
        -31.801921844482422,
        55.21592712402344,
        2.139938583166588
    ],
    "R_Pinky_A_Ctrl": [
        -21.18324,
        42.51623,
        -1.80833
    ],
    "R_Pinky_B_Ctrl": [
        -24.22562048791272,
        39.4666989194323,
        -2.1917688259321952
    ],
    "R_Pinky_C_Ctrl": [
        -26.35608,
        37.62218,
        -2.70456
    ],
    "R_Pinky_D_Ctrl": [
        -27.39276,
        36.74604,
        -2.96394
    ],
    "R_Pinky_Meta_Ctrl": [
        -21.18324,
        42.51623,
        -1.80833
    ],
    "R_Pinky_Meta_UpVector_Ctrl": [
        -31.801921844482422,
        55.21592712402344,
        -1.8005889002700126
    ],
    "R_Ring_A_Ctrl": [
        -21.05643,
        42.41935,
        -0.64606
    ],
    "R_Ring_B_Ctrl": [
        -24.9840763455896,
        39.530068421471924,
        -0.15115566118085527
    ],
    "R_Ring_C_Ctrl": [
        -27.082960892964177,
        37.59805199464291,
        -0.46595762274466457
    ],
    "R_Ring_D_Ctrl": [
        -28.05133328575235,
        36.411138676727454,
        -0.6164684932421073
    ],
    "R_Ring_Meta_Ctrl": [
        -21.05643,
        42.41935,
        -0.64606
    ],
    "R_Ring_Meta_UpVector_Ctrl": [
        -31.801921844482422,
        55.21592712402344,
        0.18623916301980215
    ],
    "R_Thumb_A_Ctrl": [
        -20.50084,
        41.11988,
        3.11162
    ],
    "R_Thumb_B_Ctrl": [
        -20.79745510235649,
        40.71890516237954,
        3.4979005288775387
    ],
    "R_Thumb_C_Ctrl": [
        -21.00369,
        38.27936,
        5.83381
    ],
    "R_Thumb_Meta_Ctrl": [
        -20.50084,
        41.11988,
        3.11162
    ],
    "R_Thumb_Meta_UpVector_Ctrl": [
        -19.816235013256474,
        47.35696676971606,
        6.096244986044174
    ]
}