{
    "C_Main_Cog_Ctrl": [
        0.0,
        0.0,
        0.0
    ],
    "C_Main_Part_Ctrl": [
        0.0,
        0.0,
        0.0
    ],
    "C_Neck_A_Ctrl": [
        0.0,
        45.519134174692525,
        20.505838142918435
    ],
    "C_Neck_A_UpVector_Ctrl": [
        0.0,
        59.58322418169149,
        15.532861368300306
    ],
    "C_Neck_B_Ctrl": [
        0.0,
        47.380607724162516,
        23.440260006257112
    ],
    "C_Neck_C_Ctrl": [
        0.0,
        52.21947856048636,
        28.068562466152514
    ],
    "C_Neck_D_Ctrl": [
        0.00018,
        57.24145296027565,
        33.503365074764915
    ],
    "C_Neck_E_Ctrl": [
        0.0001,
        58.56744457267046,
        37.1675335254642
    ],
    "C_Spine_A_Ctrl": [
        0.0,
        42.97640262276507,
        -21.831716811935628
    ],
    "C_Spine_B_Ctrl": [
        0.0,
        41.419851628753115,
        -4.523229827924573
    ],
    "C_Spine_ChestEnd_Ctrl": [
        0.0,
        43.00280600758328,
        19.239396816311938
    ],
    "C_Spine_Chest_Ctrl": [
        0.0,
        41.760174321966154,
        11.055797777186267
    ],
    "C_Spine_Hip_Ctrl": [
        0.0,
        42.11840211648081,
        -27.73021840701623
    ],
    "C_Spine_Hip_UpVector_Ctrl": [
        0.0,
        67.02037403152879,
        -34.52370543306248
    ],
    "C_Tail_A_Ctrl": [
        0.0,
        41.925794236162275,
        -31.470225797020582
    ],
    "C_Tail_A_UpVector_Ctrl": [
        0.0,
        2.927016613246238,
        -38.61313888910749
    ],
    "C_Tail_B_Ctrl": [
        0.0,
        40.78706896061219,
        -40.062425603443955
    ],
    "C_Tail_C_Ctrl": [
        0.0,
        35.5075245012436,
        -48.55110493027189
    ],
    "C_Tail_D_Ctrl": [
        0.0,
        29.29629572551586,
        -55.072895144786
    ],
    "C_Tail_E_Ctrl": [
        0.0,
        27.63996805198847,
        -62.52636967565931
    ],
    "C_Tail_F_Ctrl": [
        0.0,
        29.50333668470678,
        -69.77280324734168
    ],
    "C_Tail_G_Ctrl": [
        0.0,
        33.540635388929815,
        -72.56785619641914
    ],
    "C_Tail_H_Ctrl": [
        0.0,
        37.88849553193924,
        -71.94673331884638
    ],
    "C_Tail_I_Ctrl": [
        0.0,
        39.95890512384849,
        -69.77280324734168
    ],
    "L_BackLeg_Ankle_Ctrl": [
        4.5,
        15.506937176208323,
        -30.58682607813357
    ],
    "L_BackLeg_Base_Ctrl": [
        2.19767,
        40.20658,
        -28.27977807684472
    ],
    "L_BackLeg_Base_UpVector_Ctrl": [
        2.1976699829101562,
        40.206581115722656,
        -67.53450312273907
    ],
    "L_BackLeg_Foot_Ctrl": [
        4.5,
        2.5,
        -24.21251179351472
    ],
    "L_BackLeg_Foot_UpVector_Ctrl": [
        4.5,
        10.676259458293858,
        -20.828111043746404
    ],
    "L_BackLeg_Heel_Pivot_Ctrl": [
        4.5,
        0.0,
        -27.442479045899262
    ],
    "L_BackLeg_Hip_Ctrl": [
        4.5,
        40.02642,
        -28.147668076844717
    ],
    "L_BackLeg_Hip_UpVector_Ctrl": [
        5.769220352172852,
        26.75257682800293,
        9.845445318621998
    ],
    "L_BackLeg_InFoot_Pivot_Ctrl": [
        0.7377052060659128,
        0.0,
        -20.40968894958496
    ],
    "L_BackLeg_Knee_Ctrl": [
        4.5,
        26.75257698219313,
        -21.80280201606659
    ],
    "L_BackLeg_OutFoot_Pivot_Ctrl": [
        6.441258775421394,
        0.0,
        -20.40968894958496
    ],
    "L_BackLeg_Toe_Ctrl": [
        4.5,
        2.5,
        -20.409688721641544
    ],
    "L_BackLeg_Toe_Pivot_Ctrl": [
        3.3515739856528466,
        0.0,
        -18.615871500091075
    ],
    "L_FrontLeg_Ankle_Ctrl": [
        6.7,
        8.966007745527548,
        16.43148794198154
    ],
    "L_FrontLeg_Base_Ctrl": [
        7.821816123388494,
        46.1893399847151,
        15.505249923475594
    ],
    "L_FrontLeg_Base_UpVector_Ctrl": [
        6.7967753410339355,
        49.505383228501834,
        36.837504852487285
    ],
    "L_FrontLeg_Foot_Ctrl": [
        6.7,
        2.0063798625294353,
        19.698920941581868
    ],
    "L_FrontLeg_Foot_UpVector_Ctrl": [
        6.7,
        7.0145171334191545,
        21.714860905307876
    ],
    "L_FrontLeg_Heel_Pivot_Ctrl": [
        6.7967753410339355,
        0.0,
        15.145433962101887
    ],
    "L_FrontLeg_Hip_Ctrl": [
        6.796775356434553,
        36.98871742546775,
        20.993058160099018
    ],
    "L_FrontLeg_Hip_UpVector_Ctrl": [
        6.7,
        34.879984956937406,
        55.39060097501705
    ],
    "L_FrontLeg_InFoot_Pivot_Ctrl": [
        3.6732798101028727,
        0.0,
        20.354790729661804
    ],
    "L_FrontLeg_Knee_Ctrl": [
        6.796775356434553,
        24.06114805613779,
        14.23214966453358
    ],
    "L_FrontLeg_OutFoot_Pivot_Ctrl": [
        10.11519585085602,
        0.0,
        20.354790729661804
    ],
    "L_FrontLeg_Toe_Ctrl": [
        6.7,
        1.9118881142803588,
        24.673603305312902
    ],
    "L_FrontLeg_Toe_Pivot_Ctrl": [
        6.7967753410339355,
        0.0,
        24.703184704888237
    ],
    "R_BackLeg_Ankle_Ctrl": [
        -4.5,
        15.506937176208323,
        -30.58682607813357
    ],
    "R_BackLeg_Base_Ctrl": [
        -2.19767,
        40.20658,
        -28.27977807684472
    ],
    "R_BackLeg_Base_UpVector_Ctrl": [
        -2.1976699829101562,
        40.206581115722656,
        -67.53450312273907
    ],
    "R_BackLeg_Foot_Ctrl": [
        -4.5,
        2.5,
        -24.21251179351472
    ],
    "R_BackLeg_Foot_UpVector_Ctrl": [
        -4.5,
        10.676259458293858,
        -20.828111043746404
    ],
    "R_BackLeg_Heel_Pivot_Ctrl": [
        -4.5,
        0.0,
        -27.442479045899262
    ],
    "R_BackLeg_Hip_Ctrl": [
        -4.5,
        40.02642,
        -28.147668076844717
    ],
    "R_BackLeg_Hip_UpVector_Ctrl": [
        -5.769220352172852,
        26.75257682800293,
        9.845445318621998
    ],
    "R_BackLeg_InFoot_Pivot_Ctrl": [
        -0.7377052060659128,
        0.0,
        -20.40968894958496
    ],
    "R_BackLeg_Knee_Ctrl": [
        -4.5,
        26.75257698219313,
        -21.80280201606659
    ],
    "R_BackLeg_OutFoot_Pivot_Ctrl": [
        -6.441258775421394,
        0.0,
        -20.40968894958496
    ],
    "R_BackLeg_Toe_Ctrl": [
        -4.5,
        2.5,
        -20.409688721641544
    ],
    "R_BackLeg_Toe_Pivot_Ctrl": [
        -3.3515739856528466,
        0.0,
        -18.615871500091075
    ],
    "R_FrontLeg_Ankle_Ctrl": [
        -6.7,
        8.966007745527548,
        16.43148794198154
    ],
    "R_FrontLeg_Base_Ctrl": [
        -7.821816123388494,
        46.1893399847151,
        15.505249923475594
    ],
    "R_FrontLeg_Base_UpVector_Ctrl": [
        -6.7967753410339355,
        49.505383228501834,
        36.837504852487285
    ],
    "R_FrontLeg_Foot_Ctrl": [
        -6.7,
        2.0063798625294353,
        19.698920941581868
    ],
    "R_FrontLeg_Foot_UpVector_Ctrl": [
        -6.7,
        7.0145171334191545,
        21.714860905307876
    ],
    "R_FrontLeg_Heel_Pivot_Ctrl": [
        -6.7967753410339355,
        0.0,
        15.145433962101887
    ],
    "R_FrontLeg_Hip_Ctrl": [
        -6.796775356434553,
        36.98871742546775,
        20.993058160099018
    ],
    "R_FrontLeg_Hip_UpVector_Ctrl": [
        -6.7,
        34.879984956937406,
        55.39060097501705
    ],
    "R_FrontLeg_InFoot_Pivot_Ctrl": [
        -3.6732798101028727,
        0.0,
        20.354790729661804
    ],
    "R_FrontLeg_Knee_Ctrl": [
        -6.796775356434553,
        24.06114805613779,
        14.23214966453358
    ],
    "R_FrontLeg_OutFoot_Pivot_Ctrl": [
        -10.11519585085602,
        0.0,
        20.354790729661804
    ],
    "R_FrontLeg_Toe_Ctrl": [
        -6.7,
        1.9118881142803588,
        24.673603305312902
    ],
    "R_FrontLeg_Toe_Pivot_Ctrl": [
        -6.7967753410339355,
        0.0,
        24.703184704888237
    ],
    "L_BackFootIndex_A_Ctrl": [
        2.362505852304815,
        1.4121363383512102,
        -19.135797673721303
    ],
    "L_BackFootIndex_B_Ctrl": [
        2.362505852304815,
        1.4121363383512102,
        -16.135797673721303
    ],
    "L_BackFootIndex_Meta_Ctrl": [
        2.362505852304815,
        1.4121363383512102,
        -22.135797673721303
    ],
    "L_BackFootIndex_Meta_UpVector_Ctrl": [
        2.3625058523048077,
        5.329571480964923,
        -22.135797673721303
    ],
    "L_BackFootMiddle_A_Ctrl": [
        3.869312051787422,
        1.4121363383512102,
        -19.135797673721303
    ],
    "L_BackFootMiddle_B_Ctrl": [
        3.869312051787422,
        1.4121363383512102,
        -16.135797673721292
    ],
    "L_BackFootMiddle_Meta_Ctrl": [
        3.869312051787422,
        1.4121363383512102,
        -22.135797673721303
    ],
    "L_BackFootMiddle_Meta_UpVector_Ctrl": [
        3.869312051787415,
        5.329571480964923,
        -22.135797673721303
    ],
    "L_BackFootPinky_A_Ctrl": [
        7.110834756274561,
        1.4121363383512102,
        -19.135797673721303
    ],
    "L_BackFootPinky_B_Ctrl": [
        7.110834756274561,
        1.4121363383512102,
        -16.135797673721292
    ],
    "L_BackFootPinky_Meta_Ctrl": [
        7.110834756274561,
        1.4121363383512102,
        -22.135797673721303
    ],
    "L_BackFootPinky_Meta_UpVector_Ctrl": [
        7.110834756274554,
        5.329571480964923,
        -22.135797673721303
    ],
    "L_BackFootRing_A_Ctrl": [
        5.441441446070111,
        1.4121363383512102,
        -19.135797673721303
    ],
    "L_BackFootRing_B_Ctrl": [
        5.441441446070111,
        1.4121363383512102,
        -16.135797673721292
    ],
    "L_BackFootRing_Meta_Ctrl": [
        5.441441446070111,
        1.4121363383512102,
        -22.135797673721303
    ],
    "L_BackFootRing_Meta_UpVector_Ctrl": [
        5.441441446070104,
        5.329571480964923,
        -22.135797673721303
    ],
    "L_BackFootThumb_A_Ctrl": [
        1.207760729044498,
        2.9542391129923047,
        -24.689325600074454
    ],
    "L_BackFootThumb_B_Ctrl": [
        1.207760729044498,
        1.4542391129923045,
        -24.689325600074454
    ],
    "L_BackFootThumb_Meta_Ctrl": [
        1.207760729044498,
        4.454239112992305,
        -24.689325600074454
    ],
    "L_BackFootThumb_Meta_UpVector_Ctrl": [
        -1.792239270955502,
        4.454239112992305,
        -24.689325600074454
    ],
    "L_FrontFootIndex_A_Ctrl": [
        4.412752846871184,
        1.4121363383512104,
        24.919985060522432
    ],
    "L_FrontFootIndex_B_Ctrl": [
        4.412752846871184,
        1.4121363383512104,
        27.919985060522432
    ],
    "L_FrontFootIndex_Meta_Ctrl": [
        4.412752846871184,
        1.4121363383512104,
        21.919985060522432
    ],
    "L_FrontFootIndex_Meta_UpVector_Ctrl": [
        4.412752846871177,
        5.329571480964923,
        21.919985060522432
    ],
    "L_FrontFootMiddle_A_Ctrl": [
        5.9195590463537915,
        1.4121363383512104,
        24.919985060522432
    ],
    "L_FrontFootMiddle_B_Ctrl": [
        5.9195590463537915,
        1.4121363383512104,
        27.919985060522443
    ],
    "L_FrontFootMiddle_Meta_Ctrl": [
        5.9195590463537915,
        1.4121363383512104,
        21.919985060522432
    ],
    "L_FrontFootMiddle_Meta_UpVector_Ctrl": [
        5.919559046353784,
        5.329571480964923,
        21.919985060522432
    ],
    "L_FrontFootPinky_A_Ctrl": [
        9.161081750840935,
        1.4121363383512104,
        24.919985060522432
    ],
    "L_FrontFootPinky_B_Ctrl": [
        9.161081750840935,
        1.4121363383512104,
        27.919985060522443
    ],
    "L_FrontFootPinky_Meta_Ctrl": [
        9.161081750840935,
        1.4121363383512104,
        21.919985060522432
    ],
    "L_FrontFootPinky_Meta_UpVector_Ctrl": [
        9.161081750840928,
        5.329571480964923,
        21.919985060522432
    ],
    "L_FrontFootRing_A_Ctrl": [
        7.491688440636482,
        1.4121363383512104,
        24.919985060522432
    ],
    "L_FrontFootRing_B_Ctrl": [
        7.491688440636482,
        1.4121363383512104,
        27.919985060522443
    ],
    "L_FrontFootRing_Meta_Ctrl": [
        7.491688440636482,
        1.4121363383512104,
        21.919985060522432
    ],
    "L_FrontFootRing_Meta_UpVector_Ctrl": [
        7.491688440636475,
        5.329571480964923,
        21.919985060522432
    ],
    "L_FrontFootThumb_A_Ctrl": [
        3.2580077236108673,
        2.9542391129923047,
        19.36645713416928
    ],
    "L_FrontFootThumb_B_Ctrl": [
        3.2580077236108673,
        1.4542391129923047,
        19.36645713416928
    ],
    "L_FrontFootThumb_Meta_Ctrl": [
        3.2580077236108673,
        4.454239112992305,
        19.36645713416928
    ],
    "L_FrontFootThumb_Meta_UpVector_Ctrl": [
        0.2580077236108673,
        4.454239112992305,
        19.36645713416928
    ],
    "R_BackFootIndex_A_Ctrl": [
        -2.362505852304815,
        1.4121363383512102,
        -19.135797673721303
    ],
    "R_BackFootIndex_B_Ctrl": [
        -2.362505852304815,
        1.4121363383512102,
        -16.135797673721303
    ],
    "R_BackFootIndex_Meta_Ctrl": [
        -2.362505852304815,
        1.4121363383512102,
        -22.135797673721303
    ],
    "R_BackFootIndex_Meta_UpVector_Ctrl": [
        -2.3625058523048077,
        5.329571480964923,
        -22.135797673721303
    ],
    "R_BackFootMiddle_A_Ctrl": [
        -3.869312051787422,
        1.4121363383512102,
        -19.135797673721303
    ],
    "R_BackFootMiddle_B_Ctrl": [
        -3.869312051787422,
        1.4121363383512102,
        -16.135797673721292
    ],
    "R_BackFootMiddle_Meta_Ctrl": [
        -3.869312051787422,
        1.4121363383512102,
        -22.135797673721303
    ],
    "R_BackFootMiddle_Meta_UpVector_Ctrl": [
        -3.869312051787415,
        5.329571480964923,
        -22.135797673721303
    ],
    "R_BackFootPinky_A_Ctrl": [
        -7.110834756274561,
        1.4121363383512102,
        -19.135797673721303
    ],
    "R_BackFootPinky_B_Ctrl": [
        -7.110834756274561,
        1.4121363383512102,
        -16.135797673721292
    ],
    "R_BackFootPinky_Meta_Ctrl": [
        -7.110834756274561,
        1.4121363383512102,
        -22.135797673721303
    ],
    "R_BackFootPinky_Meta_UpVector_Ctrl": [
        -7.110834756274554,
        5.329571480964923,
        -22.135797673721303
    ],
    "R_BackFootRing_A_Ctrl": [
        -5.441441446070111,
        1.4121363383512102,
        -19.135797673721303
    ],
    "R_BackFootRing_B_Ctrl": [
        -5.441441446070111,
        1.4121363383512102,
        -16.135797673721292
    ],
    "R_BackFootRing_Meta_Ctrl": [
        -5.441441446070111,
        1.4121363383512102,
        -22.135797673721303
    ],
    "R_BackFootRing_Meta_UpVector_Ctrl": [
        -5.441441446070104,
        5.329571480964923,
        -22.135797673721303
    ],
    "R_BackFootThumb_A_Ctrl": [
        -1.207760729044498,
        2.9542391129923047,
        -24.689325600074454
    ],
    "R_BackFootThumb_B_Ctrl": [
        -1.207760729044498,
        1.4542391129923045,
        -24.689325600074454
    ],
    "R_BackFootThumb_Meta_Ctrl": [
        -1.207760729044498,
        4.454239112992305,
        -24.689325600074454
    ],
    "R_BackFootThumb_Meta_UpVector_Ctrl": [
        1.792239270955502,
        4.454239112992305,
        -24.689325600074454
    ],
    "R_FrontFootIndex_A_Ctrl": [
        -4.412752846871184,
        1.4121363383512104,
        24.919985060522432
    ],
    "R_FrontFootIndex_B_Ctrl": [
        -4.412752846871184,
        1.4121363383512104,
        27.919985060522432
    ],
    "R_FrontFootIndex_Meta_Ctrl": [
        -4.412752846871184,
        1.4121363383512104,
        21.919985060522432
    ],
    "R_FrontFootIndex_Meta_UpVector_Ctrl": [
        -4.412752846871177,
        5.329571480964923,
        21.919985060522432
    ],
    "R_FrontFootMiddle_A_Ctrl": [
        -5.9195590463537915,
        1.4121363383512104,
        24.919985060522432
    ],
    "R_FrontFootMiddle_B_Ctrl": [
        -5.9195590463537915,
        1.4121363383512104,
        27.919985060522443
    ],
    "R_FrontFootMiddle_Meta_Ctrl": [
        -5.9195590463537915,
        1.4121363383512104,
        21.919985060522432
    ],
    "R_FrontFootMiddle_Meta_UpVector_Ctrl": [
        -5.919559046353784,
        5.329571480964923,
        21.919985060522432
    ],
    "R_FrontFootPinky_A_Ctrl": [
        -9.161081750840935,
        1.4121363383512104,
        24.919985060522432
    ],
    "R_FrontFootPinky_B_Ctrl": [
        -9.161081750840935,
        1.4121363383512104,
        27.919985060522443
    ],
    "R_FrontFootPinky_Meta_Ctrl": [
        -9.161081750840935,
        1.4121363383512104,
        21.919985060522432
    ],
    "R_FrontFootPinky_Meta_UpVector_Ctrl": [
        -9.161081750840928,
        5.329571480964923,
        21.919985060522432
    ],
    "R_FrontFootRing_A_Ctrl": [
        -7.491688440636482,
        1.4121363383512104,
        24.919985060522432
    ],
    "R_FrontFootRing_B_Ctrl": [
        -7.491688440636482,
        1.4121363383512104,
        27.919985060522443
    ],
    "R_FrontFootRing_Meta_Ctrl": [
        -7.491688440636482,
        1.4121363383512104,
        21.919985060522432
    ],
    "R_FrontFootRing_Meta_UpVector_Ctrl": [
        -7.491688440636475,
        5.329571480964923,
        21.919985060522432
    ],
    "R_FrontFootThumb_A_Ctrl": [
        -3.2580077236108673,
        2.9542391129923047,
        19.36645713416928
    ],
    "R_FrontFootThumb_B_Ctrl": [
        -3.2580077236108673,
        1.4542391129923047,
        19.36645713416928
    ],
    "R_FrontFootThumb_Meta_Ctrl": [
        -3.2580077236108673,
        4.454239112992305,
        19.36645713416928
    ],
    "R_FrontFootThumb_Meta_UpVector_Ctrl": [
        -0.2580077236108673,
        4.454239112992305,
        19.36645713416928
    ]
}