{
    "bake_face": true,
    "correctives": [
        {
            "inbetweens": 3,
            "plug_values": [
                [
                    "L_Eye_Up_Panel_Ctrl.tx",
                    1.0
                ],
                [
                    "L_Eye_Up_Panel_Ctrl.ty",
                    -1.0
                ]
            ],
            "segment_name": "UpLidDownOut",
            "side": "left"
        },
        {
            "inbetweens": 3,
            "plug_values": [
                [
                    "L_Eye_Up_Panel_Ctrl.tx",
                    -1.0
                ],
                [
                    "L_Eye_Up_Panel_Ctrl.ty",
                    -1.0
                ]
            ],
            "segment_name": "UpLidDownIn",
            "side": "left"
        },
        {
            "inbetweens": 3,
            "plug_values": [
                [
                    "L_Eye_Up_Panel_Ctrl.tx",
                    1.0
                ],
                [
                    "L_Eye_Up_Panel_Ctrl.ty",
                    1.0
                ]
            ],
            "segment_name": "UpLidUpOut",
            "side": "left"
        },
        {
            "inbetweens": 3,
            "plug_values": [
                [
                    "L_Eye_Up_Panel_Ctrl.tx",
                    -1.0
                ],
                [
                    "L_Eye_Up_Panel_Ctrl.ty",
                    1.0
                ]
            ],
            "segment_name": "UpLidUpIn",
            "side": "left"
        },
        {
            "inbetweens": 3,
            "plug_values": [
                [
                    "R_Eye_Up_Panel_Ctrl.tx",
                    1.0
                ],
                [
                    "R_Eye_Up_Panel_Ctrl.ty",
                    -1.0
                ]
            ],
            "segment_name": "UpLidDownOut",
            "side": "right"
        },
        {
            "inbetweens": 3,
            "plug_values": [
                [
                    "R_Eye_Up_Panel_Ctrl.tx",
                    -1.0
                ],
                [
                    "R_Eye_Up_Panel_Ctrl.ty",
                    -1.0
                ]
            ],
            "segment_name": "UpLidDownIn",
            "side": "right"
        },
        {
            "inbetweens": 3,
            "plug_values": [
                [
                    "R_Eye_Up_Panel_Ctrl.tx",
                    1.0
                ],
                [
                    "R_Eye_Up_Panel_Ctrl.ty",
                    1.0
                ]
            ],
            "segment_name": "UpLidUpOut",
            "side": "right"
        },
        {
            "inbetweens": 3,
            "plug_values": [
                [
                    "R_Eye_Up_Panel_Ctrl.tx",
                    -1.0
                ],
                [
                    "R_Eye_Up_Panel_Ctrl.ty",
                    1.0
                ]
            ],
            "segment_name": "UpLidUpIn",
            "side": "right"
        },
        {
            "inbetweens": 3,
            "plug_values": [
                [
                    "C_Mouth_Jaw_Panel_Ctrl.tx",
                    1.0
                ],
                [
                    "C_Mouth_Jaw_Panel_Ctrl.ty",
                    -1.0
                ]
            ],
            "segment_name": "JawOpenLeft",
            "side": "center"
        },
        {
            "inbetweens": 3,
            "plug_values": [
                [
                    "C_Mouth_Jaw_Panel_Ctrl.tx",
                    -1.0
                ],
                [
                    "C_Mouth_Jaw_Panel_Ctrl.ty",
                    -1.0
                ]
            ],
            "segment_name": "JawOpenRight",
            "side": "center"
        },
        {
            "inbetweens": 3,
            "plug_values": [
                [
                    "C_Mouth_Jaw_Panel_Ctrl.tx",
                    1.0
                ],
                [
                    "C_Mouth_Jaw_Panel_Ctrl.ty",
                    1.0
                ]
            ],
            "segment_name": "JawCloseRight",
            "side": "center"
        },
        {
            "inbetweens": 3,
            "plug_values": [
                [
                    "C_Mouth_Jaw_Panel_Ctrl.tx",
                    -1.0
                ],
                [
                    "C_Mouth_Jaw_Panel_Ctrl.ty",
                    1.0
                ]
            ],
            "segment_name": "JawCloseLeft",
            "side": "center"
        }
    ],
    "geometry_names": [
        "Body_Geo_OriginShape"
    ],
    "inbetweens": {
        "JawHorizontal": 4,
        "JawVertical": 4,
        "LidLwrVertical": 4,
        "LidUprVertical": 4
    }
}