{
    "base_type": "ContainerGuide",
    "deformation_rig_enabled": true,
    "delete_geometry_names": [],
    "finalize_scripts": [],
    "geometry_paths": [],
    "index": null,
    "klass": "EnvironmentGuide",
    "module": "rig_factory.objects.part_objects.environment",
    "name": "environment",
    "node_type": "transform",
    "origin_geometry_names": {},
    "parent_joint_names": [],
    "parts": [],
    "post_scripts": [],
    "pretty_name": "environment",
    "rig_data": {},
    "root_name": "Environment",
    "side": null,
    "size": 1.0,
    "skin_clusters": [],
    "utility_geometry_paths": [],
    "uuid": "959cd587-1bc2-41ba-b3c7-6c992f7b286d"
}