{
  "C_Nose_a_fhd": "C_Nose_A_Ctrl",
  "C_brow_fhd": "C_Brow_A_Ctrl",
  "C_brow_upr_fhd": "C_BrowUpr_A_Ctrl",
  "C_jowl_fhd": "C_Jowl_A_Ctrl",
  "C_lip_lwr_fhd": "C_LipLwr_A_Ctrl",
  "C_lip_lwr_out_fhd": "C_LipLwrOut_A_Ctrl",
  "C_lip_upr_fhd": "C_LipUpr_A_Ctrl",
  "C_lip_upr_out_fhd": "C_LipUprOut_A_Ctrl",
  "C_nose_bridge_a_fhd": "C_NoseBridge_A_Ctrl",
  "C_nose_bridge_b_fhd": "C_NoseBridge_B_Ctrl",
  "L_Nose_a_fhd": "L_Nose_A_Ctrl",
  "L_brow_a_fhd": "L_Brow_A_Ctrl",
  "L_brow_b_fhd": "L_Brow_B_Ctrl",
  "L_brow_c_fhd": "L_Brow_C_Ctrl",
  "L_brow_d_fhd": "L_Brow_D_Ctrl",
  "L_brow_sub_a_fhd": "L_BrowSub_A_Ctrl",
  "L_brow_sub_b_fhd": "L_BrowSub_B_Ctrl",
  "L_brow_sub_c_fhd": "L_BrowSub_C_Ctrl",
  "L_brow_sub_d_fhd": "L_BrowSub_D_Ctrl",
  "L_brow_upr_a_fhd": "L_BrowUpr_A_Ctrl",
  "L_brow_upr_b_fhd": "L_BrowUpr_B_Ctrl",
  "L_brow_upr_c_fhd": "L_BrowUpr_C_Ctrl",
  "L_brow_upr_d_fhd": "L_BrowUpr_D_Ctrl",
  "L_cheek_a_fhd": "L_Cheek_A_Ctrl",
  "L_cheek_b_fhd": "L_Cheek_B_Ctrl",
  "L_cheek_out_a_fhd": "L_CheekOut_A_Ctrl",
  "L_cheek_out_b_fhd": "L_CheekOut_B_Ctrl",
  "L_cheek_upr_a_fhd": "L_CheekUpr_A_Ctrl",
  "L_cheek_upr_b_fhd": "L_CheekUpr_B_Ctrl",
  "L_cheek_upr_c_fhd": "L_CheekUpr_C_Ctrl",
  "L_jowl_a_fhd": "L_Jowl_A_Ctrl",
  "L_lid_lwr_a_fhd": "L_LidLwr_A_Ctrl",
  "L_lid_lwr_b_fhd": "L_LidLwr_B_Ctrl",
  "L_lid_lwr_c_fhd": "L_LidLwr_C_Ctrl",
  "L_lid_lwr_d_fhd": "L_LidLwr_D_Ctrl",
  "L_lid_lwr_mid_a_fhd": "L_LidLwrMid_A_Ctrl",
  "L_lid_lwr_mid_b_fhd": "L_LidLwrMid_B_Ctrl",
  "L_lid_lwr_mid_c_fhd": "L_LidLwrMid_C_Ctrl",
  "L_lid_lwr_mid_d_fhd": "L_LidLwrMid_D_Ctrl",
  "L_lid_upr_a_fhd": "L_LidUpr_A_Ctrl",
  "L_lid_upr_b_fhd": "L_LidUpr_B_Ctrl",
  "L_lid_upr_c_fhd": "L_LidUpr_C_Ctrl",
  "L_lid_upr_d_fhd": "L_LidUpr_D_Ctrl",
  "L_lid_upr_e_fhd": "L_LidUpr_E_Ctrl",
  "L_lid_upr_f_fhd": "L_LidUpr_F_Ctrl",
  "L_lid_upr_g_fhd": "L_LidUpr_G_Ctrl",
  "L_lid_upr_h_fhd": "L_LidUpr_H_Ctrl",
  "L_lid_upr_i_fhd": "L_LidUpr_I_Ctrl",
  "L_lid_upr_j_fhd": "L_LidUpr_J_Ctrl",
  "L_lid_upr_mid_a_fhd": "L_LidUprMid_A_Ctrl",
  "L_lid_upr_mid_b_fhd": "L_LidUprMid_B_Ctrl",
  "L_lid_upr_mid_c_fhd": "L_LidUprMid_C_Ctrl",
  "L_lid_upr_mid_d_fhd": "L_LidUprMid_D_Ctrl",
  "L_lid_upr_mid_e_fhd": "L_LidUprMid_E_Ctrl",
  "L_lid_upr_out_a_fhd": "L_LidUprOut_A_Ctrl",
  "L_lid_upr_out_b_fhd": "L_LidUprOut_B_Ctrl",
  "L_lid_upr_out_c_fhd": "L_LidUprOut_C_Ctrl",
  "L_lip_lwr_a_fhd": "L_LipLwr_A_Ctrl",
  "L_lip_lwr_b_fhd": "L_LipLwr_B_Ctrl",
  "L_lip_lwr_c_fhd": "L_LipLwr_C_Ctrl",
  "L_lip_lwr_out_a_fhd": "L_LipLwrOut_A_Ctrl",
  "L_lip_lwr_out_b_fhd": "L_LipLwrOut_B_Ctrl",
  "L_lip_upr_a_fhd": "L_LipUpr_A_Ctrl",
  "L_lip_upr_b_fhd": "L_LipUpr_B_Ctrl",
  "L_lip_upr_c_fhd": "L_LipUpr_C_Ctrl",
  "L_lip_upr_d_fhd": "L_LipUpr_D_Ctrl",
  "L_lip_upr_out_a_fhd": "L_LipUprOut_A_Ctrl",
  "L_lip_upr_out_b_fhd": "L_LipUprOut_B_Ctrl",
  "L_lip_upr_out_c_fhd": "L_LipUprOut_C_Ctrl",
  "R_Nose_a_fhd": "R_Nose_A_Ctrl",
  "R_brow_a_fhd": "R_Brow_A_Ctrl",
  "R_brow_b_fhd": "R_Brow_B_Ctrl",
  "R_brow_c_fhd": "R_Brow_C_Ctrl",
  "R_brow_d_fhd": "R_Brow_D_Ctrl",
  "R_brow_sub_a_fhd": "R_BrowSub_A_Ctrl",
  "R_brow_sub_b_fhd": "R_BrowSub_B_Ctrl",
  "R_brow_sub_c_fhd": "R_BrowSub_C_Ctrl",
  "R_brow_sub_d_fhd": "R_BrowSub_D_Ctrl",
  "R_brow_upr_a_fhd": "R_BrowUpr_A_Ctrl",
  "R_brow_upr_b_fhd": "R_BrowUpr_B_Ctrl",
  "R_brow_upr_c_fhd": "R_BrowUpr_C_Ctrl",
  "R_brow_upr_d_fhd": "R_BrowUpr_D_Ctrl",
  "R_cheek_a_fhd": "R_Cheek_A_Ctrl",
  "R_cheek_b_fhd": "R_Cheek_B_Ctrl",
  "R_cheek_out_a_fhd": "R_CheekOut_A_Ctrl",
  "R_cheek_out_b_fhd": "R_CheekOut_B_Ctrl",
  "R_cheek_upr_a_fhd": "R_CheekUpr_A_Ctrl",
  "R_cheek_upr_b_fhd": "R_CheekUpr_B_Ctrl",
  "R_cheek_upr_c_fhd": "R_CheekUpr_C_Ctrl",
  "R_jowl_a_fhd": "R_Jowl_A_Ctrl",
  "R_lid_lwr_a_fhd": "R_LidLwr_A_Ctrl",
  "R_lid_lwr_b_fhd": "R_LidLwr_B_Ctrl",
  "R_lid_lwr_c_fhd": "R_LidLwr_C_Ctrl",
  "R_lid_lwr_d_fhd": "R_LidLwr_D_Ctrl",
  "R_lid_lwr_mid_a_fhd": "R_LidLwrMid_A_Ctrl",
  "R_lid_lwr_mid_b_fhd": "R_LidLwrMid_B_Ctrl",
  "R_lid_lwr_mid_c_fhd": "R_LidLwrMid_C_Ctrl",
  "R_lid_lwr_mid_d_fhd": "R_LidLwrMid_D_Ctrl",
  "R_lid_upr_a_fhd": "R_LidUpr_A_Ctrl",
  "R_lid_upr_b_fhd": "R_LidUpr_B_Ctrl",
  "R_lid_upr_c_fhd": "R_LidUpr_C_Ctrl",
  "R_lid_upr_d_fhd": "R_LidUpr_D_Ctrl",
  "R_lid_upr_e_fhd": "R_LidUpr_E_Ctrl",
  "R_lid_upr_f_fhd": "R_LidUpr_F_Ctrl",
  "R_lid_upr_g_fhd": "R_LidUpr_G_Ctrl",
  "R_lid_upr_h_fhd": "R_LidUpr_H_Ctrl",
  "R_lid_upr_i_fhd": "R_LidUpr_I_Ctrl",
  "R_lid_upr_j_fhd": "R_LidUpr_J_Ctrl",
  "R_lid_upr_mid_a_fhd": "R_LidUprMid_A_Ctrl",
  "R_lid_upr_mid_b_fhd": "R_LidUprMid_B_Ctrl",
  "R_lid_upr_mid_c_fhd": "R_LidUprMid_C_Ctrl",
  "R_lid_upr_mid_d_fhd": "R_LidUprMid_D_Ctrl",
  "R_lid_upr_mid_e_fhd": "R_LidUprMid_E_Ctrl",
  "R_lid_upr_out_a_fhd": "R_LidUprOut_A_Ctrl",
  "R_lid_upr_out_b_fhd": "R_LidUprOut_B_Ctrl",
  "R_lid_upr_out_c_fhd": "R_LidUprOut_C_Ctrl",
  "R_lip_lwr_a_fhd": "R_LipLwr_A_Ctrl",
  "R_lip_lwr_b_fhd": "R_LipLwr_B_Ctrl",
  "R_lip_lwr_c_fhd": "R_LipLwr_C_Ctrl",
  "R_lip_lwr_out_a_fhd": "R_LipLwrOut_A_Ctrl",
  "R_lip_lwr_out_b_fhd": "R_LipLwrOut_B_Ctrl",
  "R_lip_upr_a_fhd": "R_LipUpr_A_Ctrl",
  "R_lip_upr_b_fhd": "R_LipUpr_B_Ctrl",
  "R_lip_upr_c_fhd": "R_LipUpr_C_Ctrl",
  "R_lip_upr_d_fhd": "R_LipUpr_D_Ctrl",
  "R_lip_upr_out_a_fhd": "R_LipUprOut_A_Ctrl",
  "R_lip_upr_out_b_fhd": "R_LipUprOut_B_Ctrl",
  "R_lip_upr_out_c_fhd": "R_LipUprOut_C_Ctrl",
  "L_spline_lid_upr_a_fhd": "L_LidUpr_A_Ctrl",
  "L_spline_lid_upr_b_fhd": "L_LidUpr_B_Ctrl",
  "L_spline_lid_upr_c_fhd": "L_LidUpr_C_Ctrl",
  "L_spline_lid_upr_d_fhd": "L_LidUpr_D_Ctrl",
  "L_spline_lid_upr_e_fhd": "L_LidUpr_E_Ctrl",
  "L_spline_lid_upr_f_fhd": "L_LidUpr_F_Ctrl",
  "L_spline_lid_upr_g_fhd": "L_LidUpr_G_Ctrl",
  "L_spline_lid_upr_h_fhd": "L_LidUpr_H_Ctrl",
  "L_spline_lid_upr_i_fhd": "L_LidUpr_I_Ctrl",
  "L_spline_lid_upr_j_fhd": "L_LidUpr_J_Ctrl",
  "L_spline_lid_lwr_a_fhd": "L_LidLwr_A_Ctrl",
  "L_spline_lid_lwr_b_fhd": "L_LidLwr_B_Ctrl",
  "L_spline_lid_lwr_c_fhd": "L_LidLwr_C_Ctrl",
  "L_spline_lid_lwr_d_fhd": "L_LidLwr_D_Ctrl",
  "R_spline_lid_upr_a_fhd": "R_LidUpr_A_Ctrl",
  "R_spline_lid_upr_b_fhd": "R_LidUpr_B_Ctrl",
  "R_spline_lid_upr_c_fhd": "R_LidUpr_C_Ctrl",
  "R_spline_lid_upr_d_fhd": "R_LidUpr_D_Ctrl",
  "R_spline_lid_upr_e_fhd": "R_LidUpr_E_Ctrl",
  "R_spline_lid_upr_f_fhd": "R_LidUpr_F_Ctrl",
  "R_spline_lid_upr_g_fhd": "R_LidUpr_G_Ctrl",
  "R_spline_lid_upr_h_fhd": "R_LidUpr_H_Ctrl",
  "R_spline_lid_upr_i_fhd": "R_LidUpr_I_Ctrl",
  "R_spline_lid_upr_j_fhd": "R_LidUpr_J_Ctrl",
  "R_spline_lid_lwr_a_fhd": "R_LidLwr_A_Ctrl",
  "R_spline_lid_lwr_b_fhd": "R_LidLwr_B_Ctrl",
  "R_spline_lid_lwr_c_fhd": "R_LidLwr_C_Ctrl",
  "R_spline_lid_lwr_d_fhd": "R_LidLwr_D_Ctrl",
  "C_jaw_rotate_Ctrl": "C_Jaw_Base_Ctrl",
  "C_up_teeth_Ctrl": "C_UpTeeth_Main_Ctrl",
  "C_fk_tongue_a_Ctrl": "C_Tongue_A_Ctrl",
  "C_fk_tongue_b_Ctrl": "C_Tongue_B_Ctrl",
  "C_fk_tongue_c_Ctrl": "C_Tongue_C_Ctrl",
  "C_fk_tongue_d_Ctrl": "C_Tongue_D_Ctrl",
  "C_fk_tongue_e_Ctrl": "C_Tongue_E_Ctrl",
  "C_fk_tongue_f_Ctrl": "C_Tongue_F_Ctrl",
  "C_fk_tongue_g_Ctrl": "C_Tongue_G_Ctrl"
}

