{
  "C_face_panel_brow_waggle": "C_BrowWaggle_Part_Panel",
  "C_face_panel_brow_waggle_Ctrl": "C_BrowWaggle_Main_Panel_Ctrl",
  "C_face_panel_jaw_overbite": "C_Overbite_Part_Panel",
  "C_face_panel_jaw_overbite_Ctrl": "C_Overbite_Main_Panel_Ctrl",
  "C_face_panel_main": "C_Main_Part_Panel",
  "C_face_panel_main_Ctrl": "C_Main_Main_Panel_Ctrl",
  "C_face_panel_mouth": "C_Mouth_Part_Panel",
  "C_face_panel_mouth_all_Ctrl": "C_Mouth_All_Panel_Ctrl",
  "C_face_panel_mouth_down_lip_Ctrl": "C_Mouth_DownLip_Panel_Ctrl",
  "C_face_panel_mouth_jaw_Ctrl": "C_Mouth_Jaw_Panel_Ctrl",
  "C_face_panel_mouth_main_down_lip_Ctrl": "C_Mouth_MainDownLip_Panel_Ctrl",
  "C_face_panel_mouth_main_up_lip_Ctrl": "C_Mouth_MainUpLip_Panel_Ctrl",
  "C_face_panel_mouth_up_lip_Ctrl": "C_Mouth_UpLip_Panel_Ctrl",
  "C_face_panel_nose": "C_Nose_Part_Panel",
  "C_face_panel_nose_Ctrl": "C_Nose_Main_Panel_Ctrl",
  "C_face_panel_squash": "C_Squash_Part_Panel",
  "C_face_panel_squash_Ctrl": "C_Squash_Main_Panel_Ctrl",
  "C_face_panel_teeth": "C_Teeth_Part_Panel",
  "C_face_panel_teeth_lwr_Ctrl": "C_Teeth_Lwr_Panel_Ctrl",
  "C_face_panel_teeth_upr_Ctrl": "C_Teeth_Upr_Panel_Ctrl",
  "L_down_facePanel_eyelid_Ctrl": "L_Eye_Down_Panel_Ctrl",
  "L_facePanel_eyelid": "L_Eye_Part_Panel",
  "L_facePanel_eyelid_blink_Ctrl": "L_Eye_Blink_Panel_Ctrl",
  "L_face_panel_brow": "L_Brow_Part_Panel",
  "L_face_panel_brow_Ctrl": "L_Brow_Main_Panel_Ctrl",
  "L_face_panel_brow_a_Ctrl": "L_Brow_A_Panel_Ctrl",
  "L_face_panel_brow_b_Ctrl": "L_Brow_B_Panel_Ctrl",
  "L_face_panel_brow_c_Ctrl": "L_Brow_C_Panel_Ctrl",
  "L_face_panel_cheek": "L_Cheek_Part_Panel",
  "L_face_panel_cheek_cheek_Ctrl": "L_Cheek_Main_Panel_Ctrl",
  "L_face_panel_cheek_squint_Ctrl": "L_Cheek_Squint_Panel_Ctrl",
  "L_face_panel_lip_curl": "L_LipCurl_Part",
  "L_face_panel_lip_curl_lwr_slider_Ctrl": "L_LipCurl_Lwr_Ctrl",
  "L_face_panel_lip_curl_upr_slider_Ctrl": "L_LipCurl_Upr_Ctrl",
  "L_face_panel_mouth_corner_Ctrl": "L_Mouth_Corner_Panel_Ctrl",
  "L_face_panel_mouth_corner_pinch_Ctrl": "L_Mouth_Pinch_Panel_Ctrl",
  "L_face_panel_mouth_down_lip_Ctrl": "L_Mouth_DownLip_Panel_Ctrl",
  "L_face_panel_mouth_up_lip_Ctrl": "L_Mouth_UpLip_Panel_Ctrl",
  "L_face_panel_nose_nostril_Ctrl": "L_Nose_Nostril_Panel_Ctrl",
  "L_face_panel_nose_outline_Ctrl": "L_Nose_Outline_Panel_Ctrl",
  "L_up_facePanel_eyelid_Ctrl": "L_Eye_Up_Panel_Ctrl",
  "R_down_facePanel_eyelid_Ctrl": "R_Eye_Down_Panel_Ctrl",
  "R_facePanel_eyelid": "R_Eye_Part_Panel",
  "R_facePanel_eyelid_blink_Ctrl": "R_Eye_Blink_Panel_Ctrl",
  "R_face_panel_brow": "R_Brow_Part_Panel",
  "R_face_panel_brow_Ctrl": "R_Brow_Main_Panel_Ctrl",
  "R_face_panel_brow_a_Ctrl": "R_Brow_A_Panel_Ctrl",
  "R_face_panel_brow_b_Ctrl": "R_Brow_B_Panel_Ctrl",
  "R_face_panel_brow_c_Ctrl": "R_Brow_C_Panel_Ctrl",
  "R_face_panel_cheek": "R_Cheek_Part_Panel",
  "R_face_panel_cheek_cheek_Ctrl": "R_Cheek_Main_Panel_Ctrl",
  "R_face_panel_cheek_squint_Ctrl": "R_Cheek_Squint_Panel_Ctrl",
  "R_face_panel_lip_curl": "R_LipCurl_Part",
  "R_face_panel_lip_curl_lwr_slider_Ctrl": "R_LipCurl_Lwr_Ctrl",
  "R_face_panel_lip_curl_upr_slider_Ctrl": "R_LipCurl_Upr_Ctrl",
  "R_face_panel_mouth_corner_Ctrl": "R_Mouth_Corner_Panel_Ctrl",
  "R_face_panel_mouth_corner_pinch_Ctrl": "R_Mouth_Pinch_Panel_Ctrl",
  "R_face_panel_mouth_down_lip_Ctrl": "R_Mouth_DownLip_Panel_Ctrl",
  "R_face_panel_mouth_up_lip_Ctrl": "R_Mouth_UpLip_Panel_Ctrl",
  "R_face_panel_nose_nostril_Ctrl": "R_Nose_Nostril_Panel_Ctrl",
  "R_face_panel_nose_outline_Ctrl": "R_Nose_Outline_Panel_Ctrl",
  "R_up_facePanel_eyelid_Ctrl": "R_Eye_Up_Panel_Ctrl",
  "C_eye": "C_Eye_Part"
}