{
    "base_type": "ContainerGuide",
    "deformation_rig_enabled": true,
    "delete_geometry_names": [],
    "finalize_scripts": [],
    "geometry_paths": [],
    "index": null,
    "klass": "QuadrupedGuide",
    "module": "rig_factory.objects.quadruped_objects.quadruped",
    "name": "biped",
    "node_type": "transform",
    "origin_geometry_names": {},
    "parent_joint_names": [
        null,
        "C_main_cog_b_jnt",
        "C_spine_e_jnt",
        "C_spine_a_jnt",
        "C_spine_a_jnt",
        "C_spine_e_jnt",
        "C_spine_e_jnt"
    ],
    "parts": [
        {
            "base_type": "PartGuide",
            "color": null,
            "handle_positions": {
                "C_main_Ctrl": [
                    0.14431406229837762,
                    -1.4219989186837965,
                    3.585967315258125
                ],
                "C_main_cog_Ctrl": [
                    -6.090207505759733,
                    8.837550956554791,
                    -9.57046616113175
                ]
            },
            "handle_vertices": {
                "C_main_Ctrl": [],
                "C_main_cog_Ctrl": []
            },
            "index": null,
            "index_handle_positions": [
                [
                    0.14431406229837762,
                    -1.4219989186837965,
                    3.585967315258125
                ],
                [
                    -6.090207505759733,
                    8.837550956554791,
                    -9.57046616113175
                ]
            ],
            "klass": "MainGuide",
            "matrices": [
                [
                    1.0,
                    0.0,
                    0.0,
                    0.0,
                    0.0,
                    1.0,
                    0.0,
                    0.0,
                    0.0,
                    0.0,
                    1.0,
                    0.0,
                    0.14431406229837762,
                    -1.4219989186837965,
                    3.585967315258125,
                    1.0
                ],
                [
                    1.0,
                    0.0,
                    0.0,
                    0.0,
                    0.0,
                    1.0,
                    0.0,
                    0.0,
                    0.0,
                    0.0,
                    1.0,
                    0.0,
                    0.14431406229837762,
                    -1.4219989186837965,
                    3.585967315258125,
                    1.0
                ],
                [
                    1.0,
                    0.0,
                    0.0,
                    0.0,
                    0.0,
                    1.0,
                    0.0,
                    0.0,
                    0.0,
                    0.0,
                    1.0,
                    0.0,
                    -6.090207505759733,
                    8.837550956554791,
                    -9.57046616113175,
                    1.0
                ]
            ],
            "module": "rig_factory.objects.part_objects.main",
            "name": "C_main",
            "node_type": "transform",
            "pretty_name": "main",
            "root_name": "main",
            "side": "center",
            "size": 15.0,
            "toggle_class": "Main",
            "uuid": "9bf33d0e-169a-4371-be50-cdb383910096"
        },
        {
            "base_type": "PartGuide",
            "color": null,
            "count": 5,
            "handle_positions": {
                "C_spine_a_Ctrl": [
                    0.0,
                    42.11840211648081,
                    -27.73021840701623
                ],
                "C_spine_b_Ctrl": [
                    0.0,
                    42.97640262276507,
                    -22.719282325939893
                ],
                "C_spine_c_Ctrl": [
                    0.0,
                    43.38666602018051,
                    -6.574512172088555
                ],
                "C_spine_d_Ctrl": [
                    0.0,
                    39.62864943544663,
                    3.6873221065449364
                ],
                "C_spine_e_Ctrl": [
                    0.0,
                    43.00280600758328,
                    19.239396816311938
                ],
                "C_spine_up_a_Ctrl": [
                    0.0,
                    67.02037403152879,
                    -34.52370543306248
                ]
            },
            "handle_vertices": {
                "C_spine_a_Ctrl": [],
                "C_spine_b_Ctrl": [],
                "C_spine_c_Ctrl": [],
                "C_spine_d_Ctrl": [],
                "C_spine_e_Ctrl": [],
                "C_spine_up_a_Ctrl": []
            },
            "index": null,
            "index_handle_positions": [
                [
                    0.0,
                    67.02037403152879,
                    -34.52370543306248
                ],
                [
                    0.0,
                    42.11840211648081,
                    -27.73021840701623
                ],
                [
                    0.0,
                    42.97640262276507,
                    -22.719282325939893
                ],
                [
                    0.0,
                    43.38666602018051,
                    -6.574512172088555
                ],
                [
                    0.0,
                    39.62864943544663,
                    3.6873221065449364
                ],
                [
                    0.0,
                    43.00280600758328,
                    19.239396816311938
                ]
            ],
            "joint_count": 9,
            "klass": "QuadrupedSpineGuide",
            "matrices": [
                [
                    1.0,
                    0.0,
                    0.0,
                    0.0,
                    0.0,
                    0.16876945749705896,
                    0.9856555535358935,
                    0.0,
                    0.0,
                    -0.9856555535358935,
                    0.16876945749705896,
                    0.0,
                    0.0,
                    42.11840211648081,
                    -27.73021840701623,
                    1.0
                ],
                [
                    1.0,
                    0.0,
                    0.0,
                    0.0,
                    0.0,
                    0.025403334617055684,
                    0.9996772832221077,
                    0.0,
                    0.0,
                    -0.9996772832221077,
                    0.025403334617055684,
                    0.0,
                    0.0,
                    42.97640262276507,
                    -22.719282325939893,
                    1.0
                ],
                [
                    1.0,
                    0.0,
                    0.0,
                    0.0,
                    0.0,
                    -0.34387906510184013,
                    0.9390139448297266,
                    0.0,
                    0.0,
                    -0.9390139448297266,
                    -0.34387906510184013,
                    0.0,
                    0.0,
                    43.38666602018051,
                    -6.5745121720885535,
                    1.0
                ],
                [
                    1.0,
                    0.0,
                    0.0,
                    0.0,
                    0.0,
                    0.2120258551702372,
                    0.9772640568133723,
                    0.0,
                    0.0,
                    -0.9772640568133723,
                    0.2120258551702372,
                    0.0,
                    0.0,
                    39.62864943544663,
                    3.6873221065449364,
                    1.0
                ],
                [
                    1.0,
                    0.0,
                    0.0,
                    0.0,
                    0.0,
                    0.2120258551702372,
                    0.9772640568133723,
                    0.0,
                    0.0,
                    -0.9772640568133723,
                    0.2120258551702372,
                    0.0,
                    0.0,
                    43.00280600758328,
                    19.239396816311938,
                    1.0
                ]
            ],
            "module": "rig_factory.objects.quadruped_objects.quadruped_spine",
            "name": "C_spine",
            "node_type": "transform",
            "pretty_name": "spine",
            "root_name": "spine",
            "side": "center",
            "size": 15.0,
            "toggle_class": "QuadrupedSpine",
            "uuid": "a8dc1f05-1573-4f25-8cf7-3f04a64a961c"
        },
        {
            "base_type": "PartGuide",
            "color": null,
            "count": 5,
            "handle_positions": {
                "C_neck_a_Ctrl": [
                    0.0,
                    45.519134174692525,
                    20.505838142918435
                ],
                "C_neck_b_Ctrl": [
                    0.0,
                    46.21575284808605,
                    23.440260006257112
                ],
                "C_neck_c_Ctrl": [
                    0.0,
                    52.21947856048636,
                    28.068562466152514
                ],
                "C_neck_d_Ctrl": [
                    0.00018,
                    58.33000879040813,
                    33.503365074764915
                ],
                "C_neck_e_Ctrl": [
                    0.0001,
                    58.56744457267046,
                    37.1675335254642
                ],
                "C_neck_up_a_Ctrl": [
                    0.0,
                    59.58322418169149,
                    15.532861368300306
                ]
            },
            "handle_vertices": {
                "C_neck_a_Ctrl": [],
                "C_neck_b_Ctrl": [],
                "C_neck_c_Ctrl": [],
                "C_neck_d_Ctrl": [],
                "C_neck_e_Ctrl": [],
                "C_neck_up_a_Ctrl": []
            },
            "head_matrix": [
                1.0,
                0.0,
                0.0,
                0.0,
                0.0,
                1.0,
                0.0,
                0.0,
                0.0,
                0.0,
                1.0,
                0.0,
                0.0,
                0.0,
                0.0,
                1.0
            ],
            "index": null,
            "index_handle_positions": [
                [
                    0.0,
                    59.58322418169149,
                    15.532861368300306
                ],
                [
                    0.0,
                    45.519134174692525,
                    20.505838142918435
                ],
                [
                    0.0,
                    46.21575284808605,
                    23.440260006257112
                ],
                [
                    0.0,
                    52.21947856048636,
                    28.068562466152514
                ],
                [
                    0.00018,
                    58.33000879040813,
                    33.503365074764915
                ],
                [
                    0.0001,
                    58.56744457267046,
                    37.1675335254642
                ]
            ],
            "joint_count": 9,
            "klass": "QuadrupedNeckGuide",
            "matrices": [
                [
                    1.0,
                    0.0,
                    0.0,
                    0.0,
                    0.0,
                    0.23097622440662602,
                    0.9729593947122664,
                    0.0,
                    0.0,
                    -0.9729593947122664,
                    0.23097622440662602,
                    0.0,
                    0.0,
                    45.519134174692525,
                    20.505838142918435,
                    1.0
                ],
                [
                    1.0,
                    0.0,
                    0.0,
                    0.0,
                    0.0,
                    0.7919827334484402,
                    0.6105434873287381,
                    0.0,
                    0.0,
                    -0.6105434873287381,
                    0.7919827334484402,
                    0.0,
                    0.0,
                    46.21575284808605,
                    23.440260006257112,
                    1.0
                ],
                [
                    0.9999999997574608,
                    -1.696045695285234e-05,
                    -1.405066945975904e-05,
                    0.0,
                    2.201093378931928e-05,
                    0.7472137572691346,
                    0.6645837798677167,
                    0.0,
                    -7.727910708370705e-07,
                    -0.6645837800157974,
                    0.7472137574612214,
                    0.0,
                    0.0,
                    52.21947856048636,
                    28.06856246615251,
                    1.0
                ],
                [
                    0.9999999719573314,
                    0.0002367344070770856,
                    6.492817932343429e-06,
                    0.0,
                    -2.1787363176559284e-05,
                    0.06466374524075058,
                    0.9979071096934575,
                    0.0,
                    0.00023581909800661724,
                    -0.9979070818509407,
                    0.06466374858522517,
                    0.0,
                    0.00018000000000000023,
                    58.33000879040814,
                    33.503365074764915,
                    1.0
                ],
                [
                    0.9999999719573314,
                    0.0002367344070770856,
                    6.492817932343429e-06,
                    0.0,
                    -2.1787363176559284e-05,
                    0.06466374524075058,
                    0.9979071096934575,
                    0.0,
                    0.00023581909800661724,
                    -0.9979070818509407,
                    0.06466374858522517,
                    0.0,
                    9.999999999999908e-05,
                    58.56744457267047,
                    37.1675335254642,
                    1.0
                ]
            ],
            "module": "rig_factory.objects.quadruped_objects.quadruped_neck",
            "name": "C_neck",
            "node_type": "transform",
            "pretty_name": "neck",
            "root_name": "neck",
            "side": "center",
            "size": 5.0,
            "toggle_class": "QuadrupedNeck",
            "uuid": "4e82e07b-9980-4e0b-9e8e-b1319e345178"
        },
        {
            "base_type": "PartGuide",
            "color": null,
            "count": 6,
            "handle_positions": {
                "L_back_leg_a_Ctrl": [
                    2.19767,
                    40.20658,
                    -28.27977807684472
                ],
                "L_back_leg_b_Ctrl": [
                    4.5,
                    40.02642,
                    -28.147668076844717
                ],
                "L_back_leg_back_Ctrl": [
                    4.5,
                    0.0,
                    -27.442479045899262
                ],
                "L_back_leg_c_Ctrl": [
                    4.5,
                    26.75257698219313,
                    -21.80280201606659
                ],
                "L_back_leg_d_Ctrl": [
                    4.5,
                    15.506937176208323,
                    -30.58682607813357
                ],
                "L_back_leg_e_Ctrl": [
                    4.5,
                    2.5,
                    -24.21251179351472
                ],
                "L_back_leg_f_Ctrl": [
                    4.5,
                    2.5,
                    -20.409688721641544
                ],
                "L_back_leg_front_Ctrl": [
                    3.3515739856528466,
                    0.0,
                    -18.615871500091075
                ],
                "L_back_leg_in_Ctrl": [
                    0.7377052060659128,
                    0.0,
                    -20.40968894958496
                ],
                "L_back_leg_out_Ctrl": [
                    6.441258775421394,
                    0.0,
                    -20.40968894958496
                ],
                "L_back_leg_up_a_Ctrl": [
                    2.1976699829101562,
                    40.206581115722656,
                    -67.53450312273907
                ],
                "L_back_leg_up_b_Ctrl": [
                    5.769220352172852,
                    26.75257682800293,
                    9.845445318621998
                ],
                "L_back_leg_up_c_Ctrl": [
                    4.5,
                    10.676259458293858,
                    -20.828111043746404
                ]
            },
            "handle_vertices": {
                "L_back_leg_a_Ctrl": [],
                "L_back_leg_b_Ctrl": [],
                "L_back_leg_back_Ctrl": [],
                "L_back_leg_c_Ctrl": [],
                "L_back_leg_d_Ctrl": [],
                "L_back_leg_e_Ctrl": [],
                "L_back_leg_f_Ctrl": [],
                "L_back_leg_front_Ctrl": [],
                "L_back_leg_in_Ctrl": [],
                "L_back_leg_out_Ctrl": [],
                "L_back_leg_up_a_Ctrl": [],
                "L_back_leg_up_b_Ctrl": [],
                "L_back_leg_up_c_Ctrl": []
            },
            "index": null,
            "index_handle_positions": [
                [
                    2.1976699829101562,
                    40.206581115722656,
                    -67.53450312273907
                ],
                [
                    2.19767,
                    40.20658,
                    -28.27977807684472
                ],
                [
                    5.769220352172852,
                    26.75257682800293,
                    9.845445318621998
                ],
                [
                    4.5,
                    40.02642,
                    -28.147668076844717
                ],
                [
                    4.5,
                    26.75257698219313,
                    -21.80280201606659
                ],
                [
                    4.5,
                    15.506937176208323,
                    -30.58682607813357
                ],
                [
                    4.5,
                    10.676259458293858,
                    -20.828111043746404
                ],
                [
                    4.5,
                    2.5,
                    -24.21251179351472
                ],
                [
                    4.5,
                    2.5,
                    -20.409688721641544
                ],
                [
                    3.3515739856528466,
                    0.0,
                    -18.615871500091075
                ],
                [
                    4.5,
                    0.0,
                    -27.442479045899262
                ],
                [
                    0.7377052060659128,
                    0.0,
                    -20.40968894958496
                ],
                [
                    6.441258775421394,
                    0.0,
                    -20.40968894958496
                ]
            ],
            "klass": "QuadrupedBendyBackLegGuide",
            "matrices": [
                [
                    -0.07801268048675647,
                    -0.9969523668075974,
                    -2.8302048912798305e-08,
                    0.0,
                    0.9953250760234628,
                    -0.07788534471443631,
                    0.05711274916865265,
                    0.0,
                    -0.05693869266289174,
                    0.004455490482875388,
                    0.9983677347963513,
                    0.0,
                    2.19767,
                    40.20658,
                    -28.27977807684472,
                    1.0
                ],
                [
                    0.9990135604573971,
                    -0.019150694542983817,
                    -0.040064409651912984,
                    0.0,
                    -4.649058915617843e-16,
                    -0.9022266291790686,
                    0.4312622283485717,
                    0.0,
                    -0.04440614847332484,
                    -0.4308368142332975,
                    -0.9013366371556573,
                    0.0,
                    4.5,
                    40.02642,
                    -28.147668076844717,
                    1.0
                ],
                [
                    0.9987077046446484,
                    0.03128492439771238,
                    -0.04005214337395051,
                    0.0,
                    4.163336342344337e-17,
                    -0.7880798567542188,
                    -0.6155730170972816,
                    0.0,
                    -0.050822442714002325,
                    0.6147775149464066,
                    -0.7870614248156893,
                    0.0,
                    4.499999999999999,
                    26.752576982193126,
                    -21.802802016066593,
                    1.0
                ],
                [
                    0.9995270992461154,
                    -0.013532145332235707,
                    -0.027612658607127142,
                    0.0,
                    3.469446951953614e-17,
                    -0.8979653382461247,
                    0.44006618969028183,
                    0.0,
                    -0.030750249960715785,
                    -0.43985808205741794,
                    -0.8975406897607061,
                    0.0,
                    4.5,
                    15.506937176208327,
                    -30.586826078133576,
                    1.0
                ],
                [
                    1.0,
                    -3.469446951953614e-18,
                    -5.585809592645319e-16,
                    0.0,
                    4.753142324176451e-16,
                    -2.7755575615628914e-16,
                    1.0000000000000004,
                    0.0,
                    -1.9081958235744878e-16,
                    -1.0,
                    -3.3306690738754696e-16,
                    0.0,
                    4.5,
                    2.4999999999999947,
                    -24.212511793514714,
                    1.0
                ],
                [
                    1.0,
                    -3.469446951953614e-18,
                    -5.585809592645319e-16,
                    0.0,
                    4.753142324176451e-16,
                    -2.7755575615628914e-16,
                    1.0000000000000004,
                    0.0,
                    -1.9081958235744878e-16,
                    -1.0,
                    -3.3306690738754696e-16,
                    0.0,
                    4.5,
                    2.5,
                    -20.409688721641544,
                    1.0
                ]
            ],
            "module": "rig_factory.objects.quadruped_objects.quadruped_bendy_back_leg",
            "name": "L_back_leg",
            "node_type": "transform",
            "pole_distance": 20.0,
            "pretty_name": "back_leg",
            "root_name": "back_leg",
            "side": "left",
            "size": 4.0,
            "toggle_class": "QuadrupedBendyBackLeg",
            "uuid": "aa60cea8-3798-41ea-8ec0-0c82b1ecd375"
        },
        {
            "base_type": "PartGuide",
            "color": null,
            "count": 6,
            "handle_positions": {
                "R_back_leg_a_Ctrl": [
                    -2.19767,
                    40.20658,
                    -28.27977807684472
                ],
                "R_back_leg_b_Ctrl": [
                    -4.5,
                    40.02642,
                    -28.147668076844717
                ],
                "R_back_leg_back_Ctrl": [
                    -4.5,
                    0.0,
                    -27.442479045899262
                ],
                "R_back_leg_c_Ctrl": [
                    -4.5,
                    26.75257698219313,
                    -21.80280201606659
                ],
                "R_back_leg_d_Ctrl": [
                    -4.5,
                    15.506937176208323,
                    -30.58682607813357
                ],
                "R_back_leg_e_Ctrl": [
                    -4.5,
                    2.5,
                    -24.21251179351472
                ],
                "R_back_leg_f_Ctrl": [
                    -4.5,
                    2.5,
                    -20.409688721641544
                ],
                "R_back_leg_front_Ctrl": [
                    -3.3515739856528466,
                    0.0,
                    -18.615871500091075
                ],
                "R_back_leg_in_Ctrl": [
                    -0.7377052060659128,
                    0.0,
                    -20.40968894958496
                ],
                "R_back_leg_out_Ctrl": [
                    -6.441258775421394,
                    0.0,
                    -20.40968894958496
                ],
                "R_back_leg_up_a_Ctrl": [
                    -2.1976699829101562,
                    40.206581115722656,
                    -67.53450312273907
                ],
                "R_back_leg_up_b_Ctrl": [
                    -5.769220352172852,
                    26.75257682800293,
                    9.845445318621998
                ],
                "R_back_leg_up_c_Ctrl": [
                    -4.5,
                    10.676259458293858,
                    -20.828111043746404
                ]
            },
            "handle_vertices": {
                "R_back_leg_a_Ctrl": [],
                "R_back_leg_b_Ctrl": [],
                "R_back_leg_back_Ctrl": [],
                "R_back_leg_c_Ctrl": [],
                "R_back_leg_d_Ctrl": [],
                "R_back_leg_e_Ctrl": [],
                "R_back_leg_f_Ctrl": [],
                "R_back_leg_front_Ctrl": [],
                "R_back_leg_in_Ctrl": [],
                "R_back_leg_out_Ctrl": [],
                "R_back_leg_up_a_Ctrl": [],
                "R_back_leg_up_b_Ctrl": [],
                "R_back_leg_up_c_Ctrl": []
            },
            "index": null,
            "index_handle_positions": [
                [
                    -2.1976699829101562,
                    40.206581115722656,
                    -67.53450312273907
                ],
                [
                    -2.19767,
                    40.20658,
                    -28.27977807684472
                ],
                [
                    -5.769220352172852,
                    26.75257682800293,
                    9.845445318621998
                ],
                [
                    -4.5,
                    40.02642,
                    -28.147668076844717
                ],
                [
                    -4.5,
                    26.75257698219313,
                    -21.80280201606659
                ],
                [
                    -4.5,
                    15.506937176208323,
                    -30.58682607813357
                ],
                [
                    -4.5,
                    10.676259458293858,
                    -20.828111043746404
                ],
                [
                    -4.5,
                    2.5,
                    -24.21251179351472
                ],
                [
                    -4.5,
                    2.5,
                    -20.409688721641544
                ],
                [
                    -3.3515739856528466,
                    0.0,
                    -18.615871500091075
                ],
                [
                    -4.5,
                    0.0,
                    -27.442479045899262
                ],
                [
                    -0.7377052060659128,
                    0.0,
                    -20.40968894958496
                ],
                [
                    -6.441258775421394,
                    0.0,
                    -20.40968894958496
                ]
            ],
            "klass": "QuadrupedBendyBackLegGuide",
            "matrices": [
                [
                    -0.07801268048675669,
                    0.9969523668075977,
                    2.8302049356887522e-08,
                    0.0,
                    0.9953250760234629,
                    0.0778853447144362,
                    -0.05711274916865271,
                    0.0,
                    -0.05693869266289183,
                    -0.004455490482874949,
                    -0.9983677347963518,
                    0.0,
                    -2.19767,
                    40.20658,
                    -28.27977807684472,
                    1.0
                ],
                [
                    0.999013560457397,
                    0.01915069454298363,
                    0.04006440965191304,
                    0.0,
                    -5.828670879282072e-16,
                    0.9022266291790688,
                    -0.4312622283485719,
                    0.0,
                    -0.04440614847332489,
                    0.43083681423329767,
                    0.9013366371556573,
                    0.0,
                    -4.500000000000002,
                    40.026420000000016,
                    -28.147668076844713,
                    1.0
                ],
                [
                    0.9987077046446501,
                    -0.031284924397691385,
                    0.04005214337392335,
                    0.0,
                    -2.0816681711721685e-17,
                    0.7880798567542191,
                    0.6155730170972815,
                    0.0,
                    -0.050822442713967755,
                    -0.6147775149464078,
                    0.7870614248156909,
                    0.0,
                    -4.500000000000001,
                    26.752576982193133,
                    -21.802802016066593,
                    1.0
                ],
                [
                    0.9995270992461152,
                    0.013532145332237188,
                    0.02761265860713087,
                    0.0,
                    2.7755575615628914e-17,
                    0.8979653382461248,
                    -0.4400661896902817,
                    0.0,
                    -0.030750249960719907,
                    0.43985808205741783,
                    0.8975406897607061,
                    0.0,
                    -4.5,
                    15.506937176208325,
                    -30.58682607813357,
                    1.0
                ],
                [
                    1.0,
                    -2.3765711620882257e-16,
                    7.667477763817487e-16,
                    0.0,
                    6.487865800153259e-16,
                    1.6653345369377348e-16,
                    -1.0000000000000004,
                    0.0,
                    -2.949029909160572e-16,
                    1.0000000000000002,
                    2.7755575615628914e-16,
                    0.0,
                    -4.499999999999999,
                    2.4999999999999964,
                    -24.212511793514725,
                    1.0
                ],
                [
                    1.0,
                    -2.3765711620882257e-16,
                    7.667477763817487e-16,
                    0.0,
                    6.487865800153259e-16,
                    1.6653345369377348e-16,
                    -1.0000000000000004,
                    0.0,
                    -2.949029909160572e-16,
                    1.0000000000000002,
                    2.7755575615628914e-16,
                    0.0,
                    -4.5,
                    2.5000000000000004,
                    -20.409688721641544,
                    1.0
                ]
            ],
            "module": "rig_factory.objects.quadruped_objects.quadruped_bendy_back_leg",
            "name": "R_back_leg",
            "node_type": "transform",
            "pole_distance": 20.0,
            "pretty_name": "back_leg",
            "root_name": "back_leg",
            "side": "right",
            "size": 4.0,
            "toggle_class": "QuadrupedBendyBackLeg",
            "uuid": "1fbfbe5d-b1f4-421d-95c4-9105b939cfaa"
        },
        {
            "base_type": "PartGuide",
            "color": null,
            "count": 6,
            "handle_positions": {
                "L_front_leg_a_Ctrl": [
                    6.796775356434553,
                    45.161550167002424,
                    15.544502999075902
                ],
                "L_front_leg_b_Ctrl": [
                    6.7,
                    37.17428111333244,
                    21.32027015477269
                ],
                "L_front_leg_back_Ctrl": [
                    6.7967753410339355,
                    0.0,
                    15.145433962101887
                ],
                "L_front_leg_c_Ctrl": [
                    6.7,
                    24.054787642217484,
                    14.125709218999969
                ],
                "L_front_leg_d_Ctrl": [
                    6.7,
                    9.000622322827514,
                    16.362673543567965
                ],
                "L_front_leg_e_Ctrl": [
                    6.7,
                    2.5,
                    18.41826238236017
                ],
                "L_front_leg_f_Ctrl": [
                    6.7,
                    2.5,
                    23.738609965116463
                ],
                "L_front_leg_front_Ctrl": [
                    6.7967753410339355,
                    0.0,
                    24.703184704888237
                ],
                "L_front_leg_in_Ctrl": [
                    3.6732798101028727,
                    0.0,
                    20.354790729661804
                ],
                "L_front_leg_out_Ctrl": [
                    10.11519585085602,
                    0.0,
                    20.354790729661804
                ],
                "L_front_leg_up_a_Ctrl": [
                    16.857973871248422,
                    44.859308211922304,
                    14.835585849181603
                ],
                "L_front_leg_up_b_Ctrl": [
                    6.796775356434553,
                    24.598914099544817,
                    69.03539826992227
                ],
                "L_front_leg_up_c_Ctrl": [
                    6.7967753410339355,
                    8.563383018528114,
                    20.803185378619254
                ]
            },
            "handle_vertices": {
                "L_front_leg_a_Ctrl": [],
                "L_front_leg_b_Ctrl": [],
                "L_front_leg_back_Ctrl": [],
                "L_front_leg_c_Ctrl": [],
                "L_front_leg_d_Ctrl": [],
                "L_front_leg_e_Ctrl": [],
                "L_front_leg_f_Ctrl": [],
                "L_front_leg_front_Ctrl": [],
                "L_front_leg_in_Ctrl": [],
                "L_front_leg_out_Ctrl": [],
                "L_front_leg_up_a_Ctrl": [],
                "L_front_leg_up_b_Ctrl": [],
                "L_front_leg_up_c_Ctrl": []
            },
            "index": null,
            "index_handle_positions": [
                [
                    16.857973871248422,
                    44.859308211922304,
                    14.835585849181603
                ],
                [
                    6.796775356434553,
                    45.161550167002424,
                    15.544502999075902
                ],
                [
                    6.796775356434553,
                    24.598914099544817,
                    69.03539826992227
                ],
                [
                    6.7,
                    37.17428111333244,
                    21.32027015477269
                ],
                [
                    6.7,
                    24.054787642217484,
                    14.125709218999969
                ],
                [
                    6.7,
                    9.000622322827514,
                    16.362673543567965
                ],
                [
                    6.7967753410339355,
                    8.563383018528114,
                    20.803185378619254
                ],
                [
                    6.7,
                    2.5,
                    18.41826238236017
                ],
                [
                    6.7,
                    2.5,
                    23.738609965116463
                ],
                [
                    6.7967753410339355,
                    0.0,
                    24.703184704888237
                ],
                [
                    6.7967753410339355,
                    0.0,
                    15.145433962101887
                ],
                [
                    3.6732798101028727,
                    0.0,
                    20.354790729661804
                ],
                [
                    10.11519585085602,
                    0.0,
                    20.354790729661804
                ]
            ],
            "klass": "QuadrupedBendyBackLegGuide",
            "matrices": [
                [
                    -0.07450397835825529,
                    -0.5837479573014109,
                    -0.8085094183466404,
                    0.0,
                    -0.009817686045954455,
                    -0.8102940957549754,
                    0.5859412013379242,
                    0.0,
                    -0.99717238742832,
                    0.05159264221821541,
                    0.05463907959919834,
                    0.0,
                    6.796775356434553,
                    45.161550167002424,
                    15.544502999075902,
                    1.0
                ],
                [
                    0.9999979576984149,
                    0.000971781502451495,
                    -0.0017720721515300589,
                    0.0,
                    -3.0531133177191805e-16,
                    -0.8768124086713196,
                    -0.4808326112068513,
                    0.0,
                    -0.0020210390888686022,
                    0.48083162920164724,
                    -0.8768106179559477,
                    0.0,
                    6.699999999999999,
                    37.17428111333245,
                    21.320270154772686,
                    1.0
                ],
                [
                    0.9999984172674788,
                    -0.0002615040742030795,
                    -0.0017598517426096602,
                    0.0,
                    -1.5395670849294163e-17,
                    -0.9891393823368668,
                    0.14698055078901262,
                    0.0,
                    -0.0017791746785491688,
                    -0.14698031815811508,
                    -0.9891378167937988,
                    0.0,
                    6.7,
                    24.054787642217484,
                    14.12570921899997,
                    1.0
                ],
                [
                    0.9999984477359982,
                    -0.0005312320811279701,
                    -0.0016799756157522894,
                    0.0,
                    1.244664094013359e-16,
                    -0.9534663181281149,
                    0.30149955256221594,
                    0.0,
                    -0.0017619663996629755,
                    -0.30149908455531416,
                    -0.9534648380966725,
                    0.0,
                    6.700000000000001,
                    9.000622322827507,
                    16.36267354356797,
                    1.0
                ],
                [
                    0.9998726536639576,
                    -0.015958585620131863,
                    1.8648277366750676e-17,
                    0.0,
                    -1.6154612370034016e-16,
                    3.3306690738754696e-16,
                    1.0,
                    0.0,
                    -0.015958585620131815,
                    -0.9998726536639577,
                    1.1102230246251565e-16,
                    0.0,
                    6.700000000000002,
                    2.500000000000001,
                    18.418262382360176,
                    1.0
                ],
                [
                    0.9998726536639576,
                    -0.015958585620131863,
                    1.8648277366750676e-17,
                    0.0,
                    -1.6154612370034016e-16,
                    3.3306690738754696e-16,
                    1.0,
                    0.0,
                    -0.015958585620131815,
                    -0.9998726536639577,
                    1.1102230246251565e-16,
                    0.0,
                    6.699999999999999,
                    2.5,
                    23.738609965116467,
                    1.0
                ]
            ],
            "module": "rig_factory.objects.quadruped_objects.quadruped_bendy_back_leg",
            "name": "L_front_leg",
            "node_type": "transform",
            "pole_distance": 20.0,
            "pretty_name": "front_leg",
            "root_name": "front_leg",
            "side": "left",
            "size": 4.0,
            "toggle_class": "QuadrupedBendyBackLeg",
            "uuid": "6e815559-72d6-433d-bbe1-e1ce7a1689fd"
        },
        {
            "base_type": "PartGuide",
            "color": null,
            "count": 6,
            "handle_positions": {
                "R_front_leg_a_Ctrl": [
                    -6.796775356434553,
                    45.161550167002424,
                    15.544502999075902
                ],
                "R_front_leg_b_Ctrl": [
                    -6.7,
                    37.17428111333244,
                    21.32027015477269
                ],
                "R_front_leg_back_Ctrl": [
                    -6.7967753410339355,
                    0.0,
                    15.145433962101887
                ],
                "R_front_leg_c_Ctrl": [
                    -6.7,
                    24.054787642217484,
                    14.125709218999969
                ],
                "R_front_leg_d_Ctrl": [
                    -6.7,
                    9.000622322827514,
                    16.362673543567965
                ],
                "R_front_leg_e_Ctrl": [
                    -6.7,
                    2.5,
                    18.41826238236017
                ],
                "R_front_leg_f_Ctrl": [
                    -6.7,
                    2.5,
                    23.738609965116463
                ],
                "R_front_leg_front_Ctrl": [
                    -6.7967753410339355,
                    0.0,
                    24.703184704888237
                ],
                "R_front_leg_in_Ctrl": [
                    -3.6732798101028727,
                    0.0,
                    20.354790729661804
                ],
                "R_front_leg_out_Ctrl": [
                    -10.11519585085602,
                    0.0,
                    20.354790729661804
                ],
                "R_front_leg_up_a_Ctrl": [
                    -16.857973871248422,
                    44.859308211922304,
                    14.835585849181603
                ],
                "R_front_leg_up_b_Ctrl": [
                    -6.796775356434553,
                    24.598914099544817,
                    69.03539826992227
                ],
                "R_front_leg_up_c_Ctrl": [
                    -6.7967753410339355,
                    8.563383018528114,
                    20.803185378619254
                ]
            },
            "handle_vertices": {
                "R_front_leg_a_Ctrl": [],
                "R_front_leg_b_Ctrl": [],
                "R_front_leg_back_Ctrl": [],
                "R_front_leg_c_Ctrl": [],
                "R_front_leg_d_Ctrl": [],
                "R_front_leg_e_Ctrl": [],
                "R_front_leg_f_Ctrl": [],
                "R_front_leg_front_Ctrl": [],
                "R_front_leg_in_Ctrl": [],
                "R_front_leg_out_Ctrl": [],
                "R_front_leg_up_a_Ctrl": [],
                "R_front_leg_up_b_Ctrl": [],
                "R_front_leg_up_c_Ctrl": []
            },
            "index": null,
            "index_handle_positions": [
                [
                    -16.857973871248422,
                    44.859308211922304,
                    14.835585849181603
                ],
                [
                    -6.796775356434553,
                    45.161550167002424,
                    15.544502999075902
                ],
                [
                    -6.796775356434553,
                    24.598914099544817,
                    69.03539826992227
                ],
                [
                    -6.7,
                    37.17428111333244,
                    21.32027015477269
                ],
                [
                    -6.7,
                    24.054787642217484,
                    14.125709218999969
                ],
                [
                    -6.7,
                    9.000622322827514,
                    16.362673543567965
                ],
                [
                    -6.7967753410339355,
                    8.563383018528114,
                    20.803185378619254
                ],
                [
                    -6.7,
                    2.5,
                    18.41826238236017
                ],
                [
                    -6.7,
                    2.5,
                    23.738609965116463
                ],
                [
                    -6.7967753410339355,
                    0.0,
                    24.703184704888237
                ],
                [
                    -6.7967753410339355,
                    0.0,
                    15.145433962101887
                ],
                [
                    -3.6732798101028727,
                    0.0,
                    20.354790729661804
                ],
                [
                    -10.11519585085602,
                    0.0,
                    20.354790729661804
                ]
            ],
            "klass": "QuadrupedBendyBackLegGuide",
            "matrices": [
                [
                    -0.07450397835825529,
                    0.5837479573014109,
                    0.8085094183466403,
                    0.0,
                    -0.009817686045954897,
                    0.8102940957549755,
                    -0.5859412013379242,
                    0.0,
                    -0.9971723874283199,
                    -0.05159264221821579,
                    -0.054639079599198004,
                    0.0,
                    -6.796775356434553,
                    45.161550167002424,
                    15.544502999075902,
                    1.0
                ],
                [
                    0.999997957698415,
                    -0.0009717815024520848,
                    0.0017720721515296217,
                    0.0,
                    2.7755575615628914e-16,
                    0.8768124086713193,
                    0.48083261120685167,
                    0.0,
                    -0.002021039088868609,
                    -0.48083162920164785,
                    0.8768106179559474,
                    0.0,
                    -6.7,
                    37.174281113332434,
                    21.320270154772686,
                    1.0
                ],
                [
                    0.999998417267479,
                    0.0002615040742029138,
                    0.0017598517426092994,
                    0.0,
                    4.640385298237959e-17,
                    0.9891393823368668,
                    -0.146980550789013,
                    0.0,
                    -0.0017791746785489591,
                    0.1469803181581153,
                    0.9891378167937985,
                    0.0,
                    -6.699999999999999,
                    24.054787642217484,
                    14.125709218999967,
                    1.0
                ],
                [
                    0.9999984477360097,
                    0.000531232079182631,
                    0.00167997560960049,
                    0.0,
                    1.522761951255891e-16,
                    0.9534663181281151,
                    -0.3014995525622156,
                    0.0,
                    -0.0017619663932111004,
                    0.30149908455531704,
                    0.9534648380966834,
                    0.0,
                    -6.699999999999999,
                    9.000622322827512,
                    16.36267354356796,
                    1.0
                ],
                [
                    0.9998726536639577,
                    0.015958585620123675,
                    -7.719519468096792e-17,
                    0.0,
                    -5.702903427273753e-17,
                    0.0,
                    -0.9999999999999998,
                    0.0,
                    -0.015958585620123703,
                    0.9998726536639579,
                    -5.551115123125783e-17,
                    0.0,
                    -6.7,
                    2.500000000000001,
                    18.418262382360172,
                    1.0
                ],
                [
                    0.9998726536639577,
                    0.015958585620123675,
                    -7.719519468096792e-17,
                    0.0,
                    -5.702903427273753e-17,
                    0.0,
                    -0.9999999999999998,
                    0.0,
                    -0.015958585620123703,
                    0.9998726536639579,
                    -5.551115123125783e-17,
                    0.0,
                    -6.700000000000002,
                    2.5,
                    23.73860996511646,
                    1.0
                ]
            ],
            "module": "rig_factory.objects.quadruped_objects.quadruped_bendy_back_leg",
            "name": "R_front_leg",
            "node_type": "transform",
            "pole_distance": 20.0,
            "pretty_name": "front_leg",
            "root_name": "front_leg",
            "side": "right",
            "size": 4.0,
            "toggle_class": "QuadrupedBendyBackLeg",
            "uuid": "61d304f4-d311-414e-9a78-ab4278f02730"
        }
    ],
    "post_scripts": [],
    "pretty_name": "biped",
    "rig_data": {},
    "root_name": "biped",
    "side": null,
    "size": 1.0,
    "skin_clusters": [],
    "utility_geometry_paths": [],
    "uuid": "cf8edffd-ce42-448c-ac5e-bbb963ce108f"
}