{
    "C_main_Ctrl": [
        0.14431406229837762,
        -1.4219989186837965,
        3.585967315258125
    ],
    "C_main_cog_Ctrl": [
        -6.090207505759733,
        8.837550956554791,
        -9.57046616113175
    ],
    "C_neck_a_Ctrl": [
        0.0,
        45.519134174692525,
        20.505838142918435
    ],
    "C_neck_b_Ctrl": [
        0.0,
        46.21575284808605,
        23.440260006257112
    ],
    "C_neck_c_Ctrl": [
        0.0,
        52.21947856048636,
        28.068562466152514
    ],
    "C_neck_d_Ctrl": [
        0.00018,
        58.33000879040813,
        33.503365074764915
    ],
    "C_neck_e_Ctrl": [
        0.0001,
        58.56744457267046,
        37.1675335254642
    ],
    "C_neck_up_a_Ctrl": [
        0.0,
        59.58322418169149,
        15.532861368300306
    ],
    "C_spine_a_Ctrl": [
        0.0,
        42.11840211648081,
        -27.73021840701623
    ],
    "C_spine_b_Ctrl": [
        0.0,
        42.97640262276507,
        -22.719282325939893
    ],
    "C_spine_c_Ctrl": [
        0.0,
        43.38666602018051,
        -6.574512172088555
    ],
    "C_spine_d_Ctrl": [
        0.0,
        39.62864943544663,
        3.6873221065449364
    ],
    "C_spine_e_Ctrl": [
        0.0,
        43.00280600758328,
        19.239396816311938
    ],
    "C_spine_up_a_Ctrl": [
        0.0,
        67.02037403152879,
        -34.52370543306248
    ],
    "L_back_leg_a_Ctrl": [
        2.19767,
        40.20658,
        -28.27977807684472
    ],
    "L_back_leg_b_Ctrl": [
        4.5,
        40.02642,
        -28.147668076844717
    ],
    "L_back_leg_back_Ctrl": [
        4.5,
        0.0,
        -27.442479045899262
    ],
    "L_back_leg_c_Ctrl": [
        4.5,
        26.75257698219313,
        -21.80280201606659
    ],
    "L_back_leg_d_Ctrl": [
        4.5,
        15.506937176208323,
        -30.58682607813357
    ],
    "L_back_leg_e_Ctrl": [
        4.5,
        2.5,
        -24.21251179351472
    ],
    "L_back_leg_f_Ctrl": [
        4.5,
        2.5,
        -20.409688721641544
    ],
    "L_back_leg_front_Ctrl": [
        3.3515739856528466,
        0.0,
        -18.615871500091075
    ],
    "L_back_leg_in_Ctrl": [
        0.7377052060659128,
        0.0,
        -20.40968894958496
    ],
    "L_back_leg_out_Ctrl": [
        6.441258775421394,
        0.0,
        -20.40968894958496
    ],
    "L_back_leg_up_a_Ctrl": [
        2.1976699829101562,
        40.206581115722656,
        -67.53450312273907
    ],
    "L_back_leg_up_b_Ctrl": [
        5.769220352172852,
        26.75257682800293,
        9.845445318621998
    ],
    "L_back_leg_up_c_Ctrl": [
        4.5,
        10.676259458293858,
        -20.828111043746404
    ],
    "L_front_leg_a_Ctrl": [
        6.796775356434553,
        45.161550167002424,
        15.544502999075902
    ],
    "L_front_leg_b_Ctrl": [
        6.7,
        37.17428111333244,
        21.32027015477269
    ],
    "L_front_leg_back_Ctrl": [
        6.7967753410339355,
        0.0,
        15.145433962101887
    ],
    "L_front_leg_c_Ctrl": [
        6.7,
        24.054787642217484,
        14.125709218999969
    ],
    "L_front_leg_d_Ctrl": [
        6.7,
        9.000622322827514,
        16.362673543567965
    ],
    "L_front_leg_e_Ctrl": [
        6.7,
        2.5,
        18.41826238236017
    ],
    "L_front_leg_f_Ctrl": [
        6.7,
        2.5,
        23.738609965116463
    ],
    "L_front_leg_front_Ctrl": [
        6.7967753410339355,
        0.0,
        24.703184704888237
    ],
    "L_front_leg_in_Ctrl": [
        3.6732798101028727,
        0.0,
        20.354790729661804
    ],
    "L_front_leg_out_Ctrl": [
        10.11519585085602,
        0.0,
        20.354790729661804
    ],
    "L_front_leg_up_a_Ctrl": [
        16.857973871248422,
        44.859308211922304,
        14.835585849181603
    ],
    "L_front_leg_up_b_Ctrl": [
        6.796775356434553,
        24.598914099544817,
        69.03539826992227
    ],
    "L_front_leg_up_c_Ctrl": [
        6.7967753410339355,
        8.563383018528114,
        20.803185378619254
    ],
    "R_back_leg_a_Ctrl": [
        -2.19767,
        40.20658,
        -28.27977807684472
    ],
    "R_back_leg_b_Ctrl": [
        -4.5,
        40.02642,
        -28.147668076844717
    ],
    "R_back_leg_back_Ctrl": [
        -4.5,
        0.0,
        -27.442479045899262
    ],
    "R_back_leg_c_Ctrl": [
        -4.5,
        26.75257698219313,
        -21.80280201606659
    ],
    "R_back_leg_d_Ctrl": [
        -4.5,
        15.506937176208323,
        -30.58682607813357
    ],
    "R_back_leg_e_Ctrl": [
        -4.5,
        2.5,
        -24.21251179351472
    ],
    "R_back_leg_f_Ctrl": [
        -4.5,
        2.5,
        -20.409688721641544
    ],
    "R_back_leg_front_Ctrl": [
        -3.3515739856528466,
        0.0,
        -18.615871500091075
    ],
    "R_back_leg_in_Ctrl": [
        -0.7377052060659128,
        0.0,
        -20.40968894958496
    ],
    "R_back_leg_out_Ctrl": [
        -6.441258775421394,
        0.0,
        -20.40968894958496
    ],
    "R_back_leg_up_a_Ctrl": [
        -2.1976699829101562,
        40.206581115722656,
        -67.53450312273907
    ],
    "R_back_leg_up_b_Ctrl": [
        -5.769220352172852,
        26.75257682800293,
        9.845445318621998
    ],
    "R_back_leg_up_c_Ctrl": [
        -4.5,
        10.676259458293858,
        -20.828111043746404
    ],
    "R_front_leg_a_Ctrl": [
        -6.796775356434553,
        45.161550167002424,
        15.544502999075902
    ],
    "R_front_leg_b_Ctrl": [
        -6.7,
        37.17428111333244,
        21.32027015477269
    ],
    "R_front_leg_back_Ctrl": [
        -6.7967753410339355,
        0.0,
        15.145433962101887
    ],
    "R_front_leg_c_Ctrl": [
        -6.7,
        24.054787642217484,
        14.125709218999969
    ],
    "R_front_leg_d_Ctrl": [
        -6.7,
        9.000622322827514,
        16.362673543567965
    ],
    "R_front_leg_e_Ctrl": [
        -6.7,
        2.5,
        18.41826238236017
    ],
    "R_front_leg_f_Ctrl": [
        -6.7,
        2.5,
        23.738609965116463
    ],
    "R_front_leg_front_Ctrl": [
        -6.7967753410339355,
        0.0,
        24.703184704888237
    ],
    "R_front_leg_in_Ctrl": [
        -3.6732798101028727,
        0.0,
        20.354790729661804
    ],
    "R_front_leg_out_Ctrl": [
        -10.11519585085602,
        0.0,
        20.354790729661804
    ],
    "R_front_leg_up_a_Ctrl": [
        -16.857973871248422,
        44.859308211922304,
        14.835585849181603
    ],
    "R_front_leg_up_b_Ctrl": [
        -6.796775356434553,
        24.598914099544817,
        69.03539826992227
    ],
    "R_front_leg_up_c_Ctrl": [
        -6.7967753410339355,
        8.563383018528114,
        20.803185378619254
    ]
}