{
    "C_brow_a_fhd": [
        0.05,
        0.0,
        0.0,
        0.0,
        0.0,
        0.05,
        0.0,
        0.0,
        0.0,
        0.0,
        0.05,
        0.0,
        0.0,
        0.0,
        0.033117045930642686,
        1.0
    ],
    "C_brow_up_a_fhd": [
        0.05,
        0.0,
        0.0,
        0.0,
        0.0,
        0.05,
        0.0,
        0.0,
        0.0,
        0.0,
        0.05,
        0.0,
        0.0,
        0.0,
        0.0,
        1.0
    ],
    "C_eye_aim_Ctrl": [
        0.5499110352281744,
        0.0,
        0.0,
        0.0,
        0.0,
        0.13,
        0.0,
        0.0,
        0.0,
        0.0,
        0.13,
        0.0,
        0.0,
        0.0,
        0.0,
        1.0
    ],
    "C_face_base_Ctrl": [
        0.5,
        0.0,
        0.0,
        0.0,
        0.0,
        0.5,
        0.0,
        0.0,
        0.0,
        0.0,
        0.5,
        0.0,
        0.0,
        0.0,
        0.0,
        1.0
    ],
    "C_fk_neck_a_Ctrl": [
        0.7500000000000001,
        0.0,
        0.0,
        0.0,
        0.0,
        0.35288572470418966,
        0.0,
        0.0,
        0.0,
        0.0,
        0.7500000000000001,
        0.0,
        0.0,
        0.17644286235209483,
        0.0,
        1.0
    ],
    "C_fk_neck_b_Ctrl": [
        0.7500000000000001,
        0.0,
        0.0,
        0.0,
        0.0,
        0.3380707221869416,
        0.0,
        0.0,
        0.0,
        0.0,
        0.7500000000000001,
        0.0,
        0.0,
        0.1690353610934708,
        0.0,
        1.0
    ],
    "C_fk_neck_c_Ctrl": [
        0.7500000000000001,
        0.0,
        0.0,
        0.0,
        0.0,
        0.43547805053756566,
        0.0,
        0.0,
        0.0,
        0.0,
        0.7500000000000001,
        0.0,
        0.0,
        0.21773902526878283,
        0.0,
        1.0
    ],
    "C_fk_neck_d_Ctrl": [
        1.5000000000000002,
        0.0,
        0.0,
        0.0,
        0.0,
        1.3797568587617186,
        0.0,
        0.0,
        0.0,
        0.0,
        1.5000000000000002,
        0.0,
        -6.162975822039156e-33,
        1.0295905558175893,
        0.011031166125346603,
        1.0
    ],
    "C_fk_spine_a_Ctrl": [
        1.5000000000000002,
        0.0,
        0.0,
        0.0,
        0.0,
        1.1474270436938445,
        0.0,
        0.0,
        0.0,
        0.0,
        1.5000000000000002,
        0.0,
        0.0,
        0.5737135218469223,
        0.0,
        1.0
    ],
    "C_fk_spine_b_Ctrl": [
        1.5000000000000002,
        0.0,
        0.0,
        0.0,
        0.0,
        0.917098807435708,
        0.0,
        0.0,
        0.0,
        0.0,
        1.5000000000000002,
        0.0,
        0.0,
        0.458549403717854,
        0.0,
        1.0
    ],
    "C_fk_spine_c_Ctrl": [
        1.5000000000000002,
        0.0,
        0.0,
        0.0,
        0.0,
        0.9612870800130418,
        0.0,
        0.0,
        0.0,
        0.0,
        1.5000000000000002,
        0.0,
        0.0,
        0.4806435400065209,
        0.0,
        1.0
    ],
    "C_fk_spine_d_Ctrl": [
        1.5000000000000002,
        0.0,
        0.0,
        0.0,
        0.0,
        0.8920978579729922,
        0.0,
        0.0,
        0.0,
        0.0,
        1.5000000000000002,
        0.0,
        0.0,
        0.4460489289864961,
        0.0,
        1.0
    ],
    "C_fk_tongue_a_Ctrl": [
        0.17500000000000002,
        0.0,
        0.0,
        0.0,
        0.0,
        0.2149681153101545,
        0.0,
        0.0,
        0.0,
        0.0,
        0.17500000000000002,
        0.0,
        0.0,
        0.10748405765507725,
        0.0,
        1.0
    ],
    "C_fk_tongue_b_Ctrl": [
        0.6152515037100409,
        0.0,
        0.0,
        0.0,
        0.0,
        0.2315682830182051,
        0.0,
        0.0,
        0.0,
        0.0,
        0.3035617248436715,
        0.0,
        0.0,
        0.11578414150910254,
        0.0,
        1.0
    ],
    "C_fk_tongue_c_Ctrl": [
        0.6548568443421137,
        0.0,
        0.0,
        0.0,
        0.0,
        0.18975907882502668,
        0.0,
        0.0,
        0.0,
        0.0,
        0.2528381388431192,
        0.0,
        0.0,
        0.1076964262406151,
        0.0,
        1.0
    ],
    "C_fk_tongue_d_Ctrl": [
        0.6355672227798286,
        0.0,
        0.0,
        0.0,
        0.0,
        0.20339869149038053,
        0.0,
        0.0,
        0.0,
        0.0,
        0.26723918403469804,
        0.0,
        0.0,
        0.10169934574519027,
        0.0,
        1.0
    ],
    "C_fk_tongue_e_Ctrl": [
        0.530646800406733,
        0.0,
        0.0,
        0.0,
        0.0,
        0.11445984798172798,
        0.0,
        0.0,
        0.0,
        0.0,
        0.20719215323424567,
        0.0,
        0.0,
        0.05722992399086399,
        0.0,
        1.0
    ],
    "C_fk_tongue_f_Ctrl": [
        0.4377144695618381,
        0.0,
        0.0,
        0.0,
        0.0,
        0.06717447608564489,
        0.0,
        0.0,
        0.0,
        0.0,
        0.1854790419613654,
        0.0,
        0.0,
        0.04582898782430354,
        0.0,
        1.0
    ],
    "C_fk_tongue_g_Ctrl": [
        0.27728429072452404,
        0.0,
        0.0,
        0.0,
        0.0,
        0.07229685055380793,
        0.0,
        0.0,
        0.0,
        0.0,
        0.17500000000000002,
        0.0,
        0.0,
        0.03614842527690396,
        0.0,
        1.0
    ],
    "C_jaw_aim_handle_Ctrl": [
        1.3735052693028056,
        0.0,
        0.0,
        0.0,
        0.0,
        1.3735052693028056,
        0.0,
        0.0,
        0.0,
        0.0,
        1.3735052693028056,
        0.0,
        0.0,
        0.0,
        0.0,
        1.0
    ],
    "C_jaw_rotate_Ctrl": [
        1.4281861410806016,
        0.0,
        0.0,
        0.0,
        0.0,
        1.567052908094418,
        0.1887372528371905,
        0.0,
        0.0,
        -0.05079190167501362,
        0.4217164127960221,
        0.0,
        -1.1030404227670835e-45,
        0.2647076328040525,
        3.931822397085372e-15,
        1.0
    ],
    "C_lip_down_a_fhd": [
        0.0176996463704088,
        0.0,
        0.0,
        0.0,
        0.0,
        0.0176996463704088,
        0.0,
        0.0,
        0.0,
        0.0,
        0.0176996463704088,
        0.0,
        0.0,
        -0.04002924523579132,
        0.03921573398621492,
        1.0
    ],
    "C_lip_up_a_fhd": [
        0.0176996463704088,
        0.0,
        0.0,
        0.0,
        0.0,
        0.0176996463704088,
        0.0,
        0.0,
        0.0,
        0.0,
        0.0176996463704088,
        0.0,
        0.0,
        0.018966382429276507,
        0.04417632802790683,
        1.0
    ],
    "C_main_Ctrl": [
        10.0,
        0.0,
        0.0,
        0.0,
        0.0,
        10.0,
        0.0,
        0.0,
        0.0,
        0.0,
        10.0,
        0.0,
        0.0,
        0.0,
        0.0,
        1.0
    ],
    "C_mouth_down_lip_Ctrl": [
        0.0625,
        0.0,
        0.0,
        0.0,
        0.0,
        0.0625,
        0.0,
        0.0,
        0.0,
        0.0,
        0.0625,
        0.0,
        0.0,
        0.0,
        0.0,
        1.0
    ],
    "C_mouth_lips_Ctrl": [
        0.25,
        0.0,
        0.0,
        0.0,
        0.0,
        0.25,
        0.0,
        0.0,
        0.0,
        0.0,
        0.25,
        0.0,
        0.0,
        0.0,
        0.0,
        1.0
    ],
    "C_mouth_out_a_fhd": [
        0.023243457560735675,
        0.0,
        0.0,
        0.0,
        0.0,
        0.023243457560735675,
        0.0,
        0.0,
        0.0,
        0.0,
        0.023243457560735675,
        0.0,
        0.0,
        0.0,
        0.0,
        1.0
    ],
    "C_mouth_out_b_fhd": [
        0.026559736065063563,
        0.0,
        0.0,
        0.0,
        0.0,
        0.026559736065063563,
        0.0,
        0.0,
        0.0,
        0.0,
        0.026559736065063563,
        0.0,
        0.0,
        0.0,
        0.0,
        1.0
    ],
    "C_mouth_up_lip_Ctrl": [
        0.0625,
        0.0,
        0.0,
        0.0,
        0.0,
        0.0625,
        0.0,
        0.0,
        0.0,
        0.0,
        0.0625,
        0.0,
        0.0,
        0.0,
        0.0,
        1.0
    ],
    "C_nose_a_fhd": [
        0.05,
        0.0,
        0.0,
        0.0,
        0.0,
        0.05,
        0.0,
        0.0,
        0.0,
        0.0,
        0.05,
        0.0,
        0.0,
        0.0,
        0.0,
        1.0
    ],
    "C_nose_b_fhd": [
        0.05,
        0.0,
        0.0,
        0.0,
        0.0,
        0.05,
        0.0,
        0.0,
        0.0,
        0.0,
        0.05,
        0.0,
        0.0,
        0.0,
        0.0,
        1.0
    ],
    "C_nose_c_fhd": [
        0.05,
        0.0,
        0.0,
        0.0,
        0.0,
        0.05,
        0.0,
        0.0,
        0.0,
        0.0,
        0.05,
        0.0,
        0.0,
        0.0,
        0.0,
        1.0
    ],
    "C_nose_d_fhd": [
        0.05,
        0.0,
        0.0,
        0.0,
        0.0,
        0.05,
        0.0,
        0.0,
        0.0,
        0.0,
        0.05,
        0.0,
        0.0,
        0.0,
        0.0,
        1.0
    ],
    "C_nose_e_fhd": [
        0.05,
        0.0,
        0.0,
        0.0,
        0.0,
        0.05,
        0.0,
        0.0,
        0.0,
        0.0,
        0.05,
        0.0,
        0.0,
        0.0,
        0.0,
        1.0
    ],
    "L_arm_ik_elbow_Ctrl": [
        0.2,
        0.0,
        0.0,
        0.0,
        0.0,
        0.2,
        0.0,
        0.0,
        0.0,
        0.0,
        0.2,
        0.0,
        0.0,
        0.0,
        0.0,
        1.0
    ],
    "L_arm_ik_hand_Ctrl": [
        0.4,
        0.0,
        0.0,
        0.0,
        0.0,
        0.7090707936447529,
        0.0,
        0.0,
        0.0,
        0.0,
        0.4,
        0.0,
        0.0,
        0.35453539682237645,
        0.0,
        1.0
    ],
    "L_arm_ik_wrist_Ctrl": [
        0.8,
        0.0,
        0.0,
        0.0,
        0.0,
        0.8,
        0.0,
        0.0,
        0.0,
        0.0,
        0.8,
        0.0,
        0.0,
        0.0,
        0.0,
        1.0
    ],
    "L_arm_pin_Ctrl": [
        0.6000000000000001,
        0.0,
        0.0,
        0.0,
        0.0,
        0.6000000000000001,
        0.0,
        0.0,
        0.0,
        0.0,
        0.6000000000000001,
        0.0,
        0.0,
        0.0,
        0.0,
        1.0
    ],
    "L_arm_shoulder_Ctrl": [
        1.0,
        0.0,
        0.0,
        0.0,
        0.0,
        1.2133674992762904,
        0.0,
        0.0,
        0.0,
        0.0,
        1.0,
        0.0,
        0.0,
        0.6066837496381452,
        0.0,
        1.0
    ],
    "L_arrow_Ctrl": [
        0.4,
        0.0,
        0.0,
        0.0,
        0.0,
        0.4,
        0.0,
        0.0,
        0.0,
        0.0,
        0.4,
        0.0,
        0.0,
        0.0,
        0.0,
        1.0
    ],
    "L_brow_a_fhd": [
        0.05,
        0.0,
        0.0,
        0.0,
        0.0,
        0.05,
        0.0,
        0.0,
        0.0,
        0.0,
        0.05,
        0.0,
        0.0,
        0.0,
        0.07443675993973764,
        1.0
    ],
    "L_brow_b_fhd": [
        0.05,
        0.0,
        0.0,
        0.0,
        0.0,
        0.05,
        0.0,
        0.0,
        0.0,
        0.0,
        0.05,
        0.0,
        0.0,
        0.0,
        0.051241584376729765,
        1.0
    ],
    "L_brow_c_fhd": [
        0.05,
        0.0,
        0.0,
        0.0,
        0.0,
        0.05,
        0.0,
        0.0,
        0.0,
        0.0,
        0.05,
        0.0,
        0.0,
        0.0,
        0.05034339086465289,
        1.0
    ],
    "L_brow_d_fhd": [
        0.05,
        0.0,
        0.0,
        0.0,
        0.0,
        0.05,
        0.0,
        0.0,
        0.0,
        0.0,
        0.05,
        0.0,
        0.0,
        0.0,
        0.0,
        1.0
    ],
    "L_brow_in_Ctrl": [
        0.19,
        0.0,
        0.0,
        0.0,
        0.0,
        0.19,
        0.0,
        0.0,
        0.0,
        0.0,
        0.19,
        0.0,
        0.0,
        0.0,
        0.0,
        1.0
    ],
    "L_brow_mid_Ctrl": [
        0.15090219912370614,
        0.0,
        0.0,
        0.0,
        0.0,
        0.15090219912370614,
        0.0,
        0.0,
        0.0,
        0.0,
        0.15090219912370614,
        0.0,
        0.0,
        0.0,
        0.0,
        1.0
    ],
    "L_brow_out_Ctrl": [
        0.1,
        0.0,
        0.0,
        0.0,
        0.0,
        0.1,
        0.0,
        0.0,
        0.0,
        0.0,
        0.1,
        0.0,
        0.0,
        0.0,
        0.0,
        1.0
    ],
    "L_brow_up_a_fhd": [
        0.05,
        0.0,
        0.0,
        0.0,
        0.0,
        0.05,
        0.0,
        0.0,
        0.0,
        0.0,
        0.05,
        0.0,
        0.0,
        0.0,
        0.0,
        1.0
    ],
    "L_brow_up_b_fhd": [
        0.05,
        0.0,
        0.0,
        0.0,
        0.0,
        0.05,
        0.0,
        0.0,
        0.0,
        0.0,
        0.05,
        0.0,
        0.0,
        0.0,
        0.0,
        1.0
    ],
    "L_brow_up_c_fhd": [
        0.05,
        0.0,
        0.0,
        0.0,
        0.0,
        0.05,
        0.0,
        0.0,
        0.0,
        0.0,
        0.05,
        0.0,
        0.0,
        0.0,
        0.0,
        1.0
    ],
    "L_cheek_a_fhd": [
        0.035248437812302566,
        0.0,
        0.0,
        0.0,
        0.0,
        0.035248437812302566,
        0.0,
        0.0,
        0.0,
        0.0,
        0.035248437812302566,
        0.0,
        0.0,
        0.0,
        0.0,
        1.0
    ],
    "L_cheek_b_fhd": [
        0.035248437812302566,
        0.0,
        0.0,
        0.0,
        0.0,
        0.035248437812302566,
        0.0,
        0.0,
        0.0,
        0.0,
        0.035248437812302566,
        0.0,
        0.0,
        0.0,
        0.0,
        1.0
    ],
    "L_cheek_c_fhd": [
        0.035248437812302566,
        0.0,
        0.0,
        0.0,
        0.0,
        0.035248437812302566,
        0.0,
        0.0,
        0.0,
        0.0,
        0.035248437812302566,
        0.0,
        0.0,
        0.0,
        0.0,
        1.0
    ],
    "L_cheek_d_fhd": [
        0.03733272191897887,
        0.0,
        0.0,
        0.0,
        0.0,
        0.03733272191897887,
        0.0,
        0.0,
        0.0,
        0.0,
        0.03733272191897887,
        0.0,
        0.0,
        0.0,
        0.0,
        1.0
    ],
    "L_cheek_e_fhd": [
        0.05,
        0.0,
        0.0,
        0.0,
        0.0,
        0.05,
        0.0,
        0.0,
        0.0,
        0.0,
        0.05,
        0.0,
        0.0,
        0.0,
        0.0,
        1.0
    ],
    "L_cheek_f_fhd": [
        0.05,
        0.0,
        0.0,
        0.0,
        0.0,
        0.05,
        0.0,
        0.0,
        0.0,
        0.0,
        0.05,
        0.0,
        0.0,
        0.0,
        0.0,
        1.0
    ],
    "L_cheek_g_fhd": [
        0.05,
        0.0,
        0.0,
        0.0,
        0.0,
        0.05,
        0.0,
        0.0,
        0.0,
        0.0,
        0.05,
        0.0,
        0.0,
        0.0,
        0.0,
        1.0
    ],
    "L_down_lid_Ctrl": [
        0.1,
        0.0,
        0.0,
        0.0,
        0.0,
        0.1,
        0.0,
        0.0,
        0.0,
        0.0,
        0.1,
        0.0,
        0.0,
        0.0,
        0.0,
        1.0
    ],
    "L_eye_aim_handle_Ctrl": [
        0.1,
        0.0,
        0.0,
        0.0,
        0.0,
        0.1,
        0.0,
        0.0,
        0.0,
        0.0,
        0.1,
        0.0,
        0.0,
        0.0,
        0.0,
        1.0
    ],
    "L_eyelid_down_edge_a_fhd": [
        0.016778571825485367,
        0.0,
        0.0,
        0.0,
        0.0,
        0.016778571825485367,
        0.0,
        0.0,
        0.0,
        0.0,
        0.016778571825485367,
        0.0,
        0.0,
        0.0,
        0.0,
        1.0
    ],
    "L_eyelid_down_edge_b_fhd": [
        0.016778571825485367,
        0.0,
        0.0,
        0.0,
        0.0,
        0.016778571825485367,
        0.0,
        0.0,
        0.0,
        0.0,
        0.016778571825485367,
        0.0,
        0.0,
        0.0,
        0.0,
        1.0
    ],
    "L_eyelid_down_edge_c_fhd": [
        0.016778571825485367,
        0.0,
        0.0,
        0.0,
        0.0,
        0.016778571825485367,
        0.0,
        0.0,
        0.0,
        0.0,
        0.016778571825485367,
        0.0,
        0.0,
        0.0,
        0.0,
        1.0
    ],
    "L_eyelid_down_edge_d_fhd": [
        0.016778571825485367,
        0.0,
        0.0,
        0.0,
        0.0,
        0.016778571825485367,
        0.0,
        0.0,
        0.0,
        0.0,
        0.016778571825485367,
        0.0,
        0.0,
        0.0,
        0.0,
        1.0
    ],
    "L_eyelid_down_edge_e_fhd": [
        0.016778571825485367,
        0.0,
        0.0,
        0.0,
        0.0,
        0.016778571825485367,
        0.0,
        0.0,
        0.0,
        0.0,
        0.016778571825485367,
        0.0,
        0.0,
        0.0,
        0.0,
        1.0
    ],
    "L_eyelid_down_edge_f_fhd": [
        0.016778571825485367,
        0.0,
        0.0,
        0.0,
        0.0,
        0.016778571825485367,
        0.0,
        0.0,
        0.0,
        0.0,
        0.016778571825485367,
        0.0,
        0.0,
        0.0,
        0.0,
        1.0
    ],
    "L_eyelid_down_edge_g_fhd": [
        0.016778571825485367,
        0.0,
        0.0,
        0.0,
        0.0,
        0.016778571825485367,
        0.0,
        0.0,
        0.0,
        0.0,
        0.016778571825485367,
        0.0,
        0.0,
        0.0,
        0.0,
        1.0
    ],
    "L_eyelid_up_edge_a_fhd": [
        0.016778571825485367,
        0.0,
        0.0,
        0.0,
        0.0,
        0.016778571825485367,
        0.0,
        0.0,
        0.0,
        0.0,
        0.016778571825485367,
        0.0,
        0.0,
        0.0,
        0.0,
        1.0
    ],
    "L_eyelid_up_edge_b_fhd": [
        0.016778571825485367,
        0.0,
        0.0,
        0.0,
        0.0,
        0.016778571825485367,
        0.0,
        0.0,
        0.0,
        0.0,
        0.016778571825485367,
        0.0,
        0.0,
        0.0,
        0.0,
        1.0
    ],
    "L_eyelid_up_edge_c_fhd": [
        0.016778571825485367,
        0.0,
        0.0,
        0.0,
        0.0,
        0.016778571825485367,
        0.0,
        0.0,
        0.0,
        0.0,
        0.016778571825485367,
        0.0,
        0.0,
        0.0,
        0.0,
        1.0
    ],
    "L_eyelid_up_edge_d_fhd": [
        0.016778571825485367,
        0.0,
        0.0,
        0.0,
        0.0,
        0.016778571825485367,
        0.0,
        0.0,
        0.0,
        0.0,
        0.016778571825485367,
        0.0,
        0.0,
        0.0,
        0.0,
        1.0
    ],
    "L_eyelid_up_edge_e_fhd": [
        0.016778571825485367,
        0.0,
        0.0,
        0.0,
        0.0,
        0.016778571825485367,
        0.0,
        0.0,
        0.0,
        0.0,
        0.016778571825485367,
        0.0,
        0.0,
        0.0,
        0.0,
        1.0
    ],
    "L_eyelid_up_edge_f_fhd": [
        0.016778571825485367,
        0.0,
        0.0,
        0.0,
        0.0,
        0.016778571825485367,
        0.0,
        0.0,
        0.0,
        0.0,
        0.016778571825485367,
        0.0,
        0.0,
        0.0,
        0.0,
        1.0
    ],
    "L_eyelid_up_edge_g_fhd": [
        0.016778571825485367,
        0.0,
        0.0,
        0.0,
        0.0,
        0.016778571825485367,
        0.0,
        0.0,
        0.0,
        0.0,
        0.016778571825485367,
        0.0,
        0.0,
        0.0,
        0.0,
        1.0
    ],
    "L_eyelid_up_edge_h_fhd": [
        0.016778571825485367,
        0.0,
        0.0,
        0.0,
        0.0,
        0.016778571825485367,
        0.0,
        0.0,
        0.0,
        0.0,
        0.016778571825485367,
        0.0,
        0.0,
        0.0,
        0.0,
        1.0
    ],
    "L_eyelid_up_edge_i_fhd": [
        0.016778571825485367,
        0.0,
        0.0,
        0.0,
        0.0,
        0.016778571825485367,
        0.0,
        0.0,
        0.0,
        0.0,
        0.016778571825485367,
        0.0,
        0.0,
        0.0,
        0.0,
        1.0
    ],
    "L_fk_arm_b_Ctrl": [
        0.6000000000000001,
        0.0,
        0.0,
        0.0,
        0.0,
        2.344133190093945,
        0.0,
        0.0,
        0.0,
        0.0,
        0.6000000000000001,
        0.0,
        0.0,
        1.1720665950469724,
        0.0,
        1.0
    ],
    "L_fk_arm_c_Ctrl": [
        0.6000000000000001,
        0.0,
        0.0,
        0.0,
        0.0,
        2.4882162769944234,
        0.0,
        0.0,
        0.0,
        0.0,
        0.6000000000000001,
        0.0,
        0.0,
        1.2441081384972117,
        0.0,
        1.0
    ],
    "L_fk_arm_d_Ctrl": [
        0.6000000000000001,
        0.0,
        0.0,
        0.0,
        0.0,
        0.7090707936447536,
        0.0,
        0.0,
        0.0,
        0.0,
        0.6000000000000001,
        0.0,
        0.0,
        0.3545353968223768,
        0.0,
        1.0
    ],
    "L_fk_hand_index_a_Ctrl": [
        0.25,
        0.0,
        0.0,
        0.0,
        0.0,
        0.4459294677423775,
        0.0,
        0.0,
        0.0,
        0.0,
        0.25,
        0.0,
        0.0,
        0.22296473387118876,
        0.0,
        1.0
    ],
    "L_fk_hand_index_b_Ctrl": [
        0.25,
        0.0,
        0.0,
        0.0,
        0.0,
        0.365053877768749,
        0.0,
        0.0,
        0.0,
        0.0,
        0.25,
        0.0,
        0.0,
        0.1825269388843745,
        0.0,
        1.0
    ],
    "L_fk_hand_index_c_Ctrl": [
        0.25,
        0.0,
        0.0,
        0.0,
        0.0,
        0.2502592716484252,
        0.0,
        0.0,
        0.0,
        0.0,
        0.25,
        0.0,
        0.0,
        0.1251296358242126,
        0.0,
        1.0
    ],
    "L_fk_hand_index_d_Ctrl": [
        0.25,
        0.0,
        0.0,
        0.0,
        0.0,
        0.20722373782459932,
        0.0,
        0.0,
        0.0,
        0.0,
        0.25,
        0.0,
        0.0,
        0.10361186891229966,
        0.0,
        1.0
    ],
    "L_fk_hand_middle_a_Ctrl": [
        0.25,
        0.0,
        0.0,
        0.0,
        0.0,
        0.43675477999674045,
        0.0,
        0.0,
        0.0,
        0.0,
        0.25,
        0.0,
        0.0,
        0.21837738999837022,
        0.0,
        1.0
    ],
    "L_fk_hand_middle_b_Ctrl": [
        0.25,
        0.0,
        0.0,
        0.0,
        0.0,
        0.3982735461576616,
        0.0,
        0.0,
        0.0,
        0.0,
        0.25,
        0.0,
        0.0,
        0.1991367730788308,
        0.0,
        1.0
    ],
    "L_fk_hand_middle_c_Ctrl": [
        0.25,
        0.0,
        0.0,
        0.0,
        0.0,
        0.29122702725708643,
        0.0,
        0.0,
        0.0,
        0.0,
        0.25,
        0.0,
        0.0,
        0.14561351362854322,
        0.0,
        1.0
    ],
    "L_fk_hand_middle_d_Ctrl": [
        0.25,
        0.0,
        0.0,
        0.0,
        0.0,
        0.21481619096101695,
        0.0,
        0.0,
        0.0,
        0.0,
        0.25,
        0.0,
        0.0,
        0.10740809548050848,
        0.0,
        1.0
    ],
    "L_fk_hand_pinky_a_Ctrl": [
        0.25,
        0.0,
        0.0,
        0.0,
        0.0,
        0.4249240835361055,
        0.0,
        0.0,
        0.0,
        0.0,
        0.25,
        0.0,
        0.0,
        0.21246204176805275,
        0.0,
        1.0
    ],
    "L_fk_hand_pinky_b_Ctrl": [
        0.25,
        0.0,
        0.0,
        0.0,
        0.0,
        0.33300641820992005,
        0.0,
        0.0,
        0.0,
        0.0,
        0.25,
        0.0,
        0.0,
        0.16650320910496003,
        0.0,
        1.0
    ],
    "L_fk_hand_pinky_c_Ctrl": [
        0.25,
        0.0,
        0.0,
        0.0,
        0.0,
        0.1985422563335058,
        0.0,
        0.0,
        0.0,
        0.0,
        0.25,
        0.0,
        0.0,
        0.0992711281667529,
        0.0,
        1.0
    ],
    "L_fk_hand_pinky_d_Ctrl": [
        0.25,
        0.0,
        0.0,
        0.0,
        0.0,
        0.1401135928987605,
        0.0,
        0.0,
        0.0,
        0.0,
        0.25,
        0.0,
        0.0,
        0.07005679644938025,
        0.0,
        1.0
    ],
    "L_fk_hand_ring_a_Ctrl": [
        0.25,
        0.0,
        0.0,
        0.0,
        0.0,
        0.4940992702170275,
        0.0,
        0.0,
        0.0,
        0.0,
        0.25,
        0.0,
        0.0,
        0.24704963510851374,
        0.0,
        1.0
    ],
    "L_fk_hand_ring_b_Ctrl": [
        0.25,
        0.0,
        0.0,
        0.0,
        0.0,
        0.3510681840469159,
        0.0,
        0.0,
        0.0,
        0.0,
        0.25,
        0.0,
        0.0,
        0.17553409202345796,
        0.0,
        1.0
    ],
    "L_fk_hand_ring_c_Ctrl": [
        0.25,
        0.0,
        0.0,
        0.0,
        0.0,
        0.2640811174923378,
        0.0,
        0.0,
        0.0,
        0.0,
        0.25,
        0.0,
        0.0,
        0.1320405587461689,
        0.0,
        1.0
    ],
    "L_fk_hand_ring_d_Ctrl": [
        0.25,
        0.0,
        0.0,
        0.0,
        0.0,
        0.21225571397726667,
        0.0,
        0.0,
        0.0,
        0.0,
        0.25,
        0.0,
        0.0,
        0.10612785698863333,
        0.0,
        1.0
    ],
    "L_fk_hand_thumb_a_Ctrl": [
        0.25,
        0.0,
        0.0,
        0.0,
        0.0,
        0.1439621542663207,
        0.0,
        0.0,
        0.0,
        0.0,
        0.25,
        0.0,
        0.0,
        0.07198107713316035,
        0.0,
        1.0
    ],
    "L_fk_hand_thumb_b_Ctrl": [
        0.25,
        0.0,
        0.0,
        0.0,
        0.0,
        0.13511679989179753,
        0.0,
        0.0,
        0.0,
        0.0,
        0.25,
        0.0,
        0.0,
        0.06755839994589877,
        0.0,
        1.0
    ],
    "L_fk_hand_thumb_c_Ctrl": [
        0.25,
        0.0,
        0.0,
        0.0,
        0.0,
        0.3365550351101573,
        0.0,
        0.0,
        0.0,
        0.0,
        0.25,
        0.0,
        0.0,
        0.16827751755507864,
        0.0,
        1.0
    ],
    "L_fk_hand_thumb_d_Ctrl": [
        0.25,
        0.0,
        0.0,
        0.0,
        0.0,
        0.29920753300343267,
        0.0,
        0.0,
        0.0,
        0.0,
        0.25,
        0.0,
        0.0,
        0.14960376650171633,
        0.0,
        1.0
    ],
    "L_fk_leg_a_Ctrl": [
        0.6000000000000001,
        0.0,
        0.0,
        0.0,
        0.0,
        4.729270430510397,
        0.0,
        0.0,
        0.0,
        0.0,
        0.6000000000000001,
        0.0,
        0.0,
        2.3646352152551984,
        0.0,
        1.0
    ],
    "L_fk_leg_b_Ctrl": [
        0.6000000000000001,
        0.0,
        0.0,
        0.0,
        0.0,
        3.38942348456194,
        0.0,
        0.0,
        0.0,
        0.0,
        0.6000000000000001,
        0.0,
        0.0,
        1.69471174228097,
        0.0,
        1.0
    ],
    "L_fk_leg_c_Ctrl": [
        0.6000000000000001,
        0.0,
        0.0,
        0.0,
        0.0,
        1.447992398495241,
        0.0,
        0.0,
        0.0,
        0.0,
        0.6000000000000001,
        0.0,
        0.0,
        0.7239961992476205,
        0.0,
        1.0
    ],
    "L_fk_leg_d_Ctrl": [
        0.6000000000000001,
        0.0,
        0.0,
        0.0,
        0.0,
        0.45771766614366066,
        0.0,
        0.0,
        0.0,
        0.0,
        0.6000000000000001,
        0.0,
        0.0,
        0.22885883307183033,
        0.0,
        1.0
    ],
    "L_fk_leg_e_Ctrl": [
        0.6000000000000001,
        0.0,
        0.0,
        0.0,
        0.0,
        0.22980463572347712,
        0.0,
        0.0,
        0.0,
        0.0,
        0.6000000000000001,
        0.0,
        0.0,
        0.11490231786173856,
        0.0,
        1.0
    ],
    "L_leg_hip_Ctrl": [
        0.4,
        0.0,
        0.0,
        0.0,
        0.0,
        0.4,
        0.0,
        0.0,
        0.0,
        0.0,
        0.4,
        0.0,
        0.0,
        0.0,
        0.0,
        1.0
    ],
    "L_leg_ik_ankle_Ctrl": [
        0.8,
        0.0,
        0.0,
        0.0,
        0.0,
        0.8,
        0.0,
        0.0,
        0.0,
        0.0,
        0.8,
        0.0,
        0.0,
        0.0,
        0.0,
        1.0
    ],
    "L_leg_ik_knee_Ctrl": [
        0.6000000000000001,
        0.0,
        0.0,
        0.0,
        0.0,
        0.6000000000000001,
        0.0,
        0.0,
        0.0,
        0.0,
        0.6000000000000001,
        0.0,
        0.0,
        0.0,
        0.0,
        1.0
    ],
    "L_leg_ik_toe_Ctrl": [
        0.4,
        0.0,
        0.0,
        0.0,
        0.0,
        0.45771766614366066,
        0.0,
        0.0,
        0.0,
        0.0,
        0.4,
        0.0,
        0.0,
        0.22885883307183033,
        0.0,
        1.0
    ],
    "L_leg_pin_Ctrl": [
        0.6000000000000001,
        0.0,
        0.0,
        0.0,
        0.0,
        0.6000000000000001,
        0.0,
        0.0,
        0.0,
        0.0,
        0.6000000000000001,
        0.0,
        0.0,
        0.0,
        0.0,
        1.0
    ],
    "L_lid_down_crease_a_fhd": [
        0.025,
        0.0,
        0.0,
        0.0,
        0.0,
        0.025,
        0.0,
        0.0,
        0.0,
        0.0,
        0.025,
        0.0,
        0.0,
        0.0,
        0.0,
        1.0
    ],
    "L_lid_down_crease_b_fhd": [
        0.025,
        0.0,
        0.0,
        0.0,
        0.0,
        0.025,
        0.0,
        0.0,
        0.0,
        0.0,
        0.025,
        0.0,
        0.0,
        0.0,
        0.0,
        1.0
    ],
    "L_lid_down_crease_c_fhd": [
        0.025,
        0.0,
        0.0,
        0.0,
        0.0,
        0.025,
        0.0,
        0.0,
        0.0,
        0.0,
        0.025,
        0.0,
        0.0,
        0.0,
        0.0,
        1.0
    ],
    "L_lid_down_crease_d_fhd": [
        0.025,
        0.0,
        0.0,
        0.0,
        0.0,
        0.025,
        0.0,
        0.0,
        0.0,
        0.0,
        0.025,
        0.0,
        0.0,
        0.0,
        0.0,
        1.0
    ],
    "L_lid_up_crease_a_fhd": [
        0.025,
        0.0,
        0.0,
        0.0,
        0.0,
        0.025,
        0.0,
        0.0,
        0.0,
        0.0,
        0.025,
        0.0,
        0.0,
        0.0,
        0.0,
        1.0
    ],
    "L_lid_up_crease_b_fhd": [
        0.025,
        0.0,
        0.0,
        0.0,
        0.0,
        0.025,
        0.0,
        0.0,
        0.0,
        0.0,
        0.025,
        0.0,
        0.0,
        0.0,
        0.0,
        1.0
    ],
    "L_lid_up_crease_c_fhd": [
        0.025,
        0.0,
        0.0,
        0.0,
        0.0,
        0.025,
        0.0,
        0.0,
        0.0,
        0.0,
        0.025,
        0.0,
        0.0,
        0.0,
        0.0,
        1.0
    ],
    "L_lid_up_crease_d_fhd": [
        0.025,
        0.0,
        0.0,
        0.0,
        0.0,
        0.025,
        0.0,
        0.0,
        0.0,
        0.0,
        0.025,
        0.0,
        0.0,
        0.0,
        0.0,
        1.0
    ],
    "L_lid_up_crease_e_fhd": [
        0.025,
        0.0,
        0.0,
        0.0,
        0.0,
        0.025,
        0.0,
        0.0,
        0.0,
        0.0,
        0.025,
        0.0,
        0.0,
        0.0,
        0.0,
        1.0
    ],
    "L_lid_up_crease_f_fhd": [
        0.025,
        0.0,
        0.0,
        0.0,
        0.0,
        0.025,
        0.0,
        0.0,
        0.0,
        0.0,
        0.025,
        0.0,
        0.0,
        0.0,
        0.0,
        1.0
    ],
    "L_lip_down_a_fhd": [
        0.0176996463704088,
        0.0,
        0.0,
        0.0,
        0.0,
        0.0176996463704088,
        0.0,
        0.0,
        0.0,
        0.0,
        0.0176996463704088,
        0.0,
        0.0,
        -0.04002924523579132,
        0.03921573398621492,
        1.0
    ],
    "L_lip_down_b_fhd": [
        0.0176996463704088,
        0.0,
        0.0,
        0.0,
        0.0,
        0.0176996463704088,
        0.0,
        0.0,
        0.0,
        0.0,
        0.0176996463704088,
        0.0,
        0.0,
        -0.02764346749220259,
        0.03921573398621492,
        1.0
    ],
    "L_lip_down_c_fhd": [
        0.0176996463704088,
        0.0,
        0.0,
        0.0,
        0.0,
        0.0176996463704088,
        0.0,
        0.0,
        0.0,
        0.0,
        0.0176996463704088,
        0.0,
        0.0,
        -0.01630664309319485,
        0.03921573398621492,
        1.0
    ],
    "L_lip_down_d_fhd": [
        0.0176996463704088,
        0.0,
        0.0,
        0.0,
        0.0,
        0.0176996463704088,
        0.0,
        0.0,
        0.0,
        0.0,
        0.0176996463704088,
        0.0,
        0.0,
        -0.008480643112113384,
        0.03921573398621492,
        1.0
    ],
    "L_lip_up_a_fhd": [
        0.0176996463704088,
        0.0,
        0.0,
        0.0,
        0.0,
        0.0176996463704088,
        0.0,
        0.0,
        0.0,
        0.0,
        0.0176996463704088,
        0.0,
        0.0,
        0.018966382429276507,
        0.04417632802790683,
        1.0
    ],
    "L_lip_up_b_fhd": [
        0.0176996463704088,
        0.0,
        0.0,
        0.0,
        0.0,
        0.0176996463704088,
        0.0,
        0.0,
        0.0,
        0.0,
        0.0176996463704088,
        0.0,
        0.0,
        0.018966382429276507,
        0.04417632802790683,
        1.0
    ],
    "L_lip_up_c_fhd": [
        0.0176996463704088,
        0.0,
        0.0,
        0.0,
        0.0,
        0.0176996463704088,
        0.0,
        0.0,
        0.0,
        0.0,
        0.0176996463704088,
        0.0,
        0.01385440040854291,
        0.018966382429278283,
        0.04417632802790683,
        1.0
    ],
    "L_lip_up_d_fhd": [
        0.014174944049901392,
        0.0,
        0.0,
        0.0,
        0.0,
        0.014174944049901392,
        0.0,
        0.0,
        0.0,
        0.0,
        0.014174944049901392,
        0.0,
        0.024681810881983957,
        0.012922658397650721,
        0.03624186855643651,
        1.0
    ],
    "L_lip_up_e_fhd": [
        0.02528851997888146,
        0.0,
        0.0,
        0.0,
        0.0,
        0.02528851997888146,
        0.0,
        0.0,
        0.0,
        0.0,
        0.02528851997888146,
        0.0,
        0.038400365953357496,
        -7.56004393842602e-06,
        0.0169466410837521,
        1.0
    ],
    "L_mouth_cheek_Ctrl": [
        0.25,
        0.0,
        0.0,
        0.0,
        0.0,
        0.25,
        0.0,
        0.0,
        0.0,
        0.0,
        0.25,
        0.0,
        0.0,
        0.0,
        0.0,
        1.0
    ],
    "L_mouth_out_a_fhd": [
        0.023243457560735675,
        0.0,
        0.0,
        0.0,
        0.0,
        0.023243457560735675,
        0.0,
        0.0,
        0.0,
        0.0,
        0.023243457560735675,
        0.0,
        0.0,
        0.0,
        0.0,
        1.0
    ],
    "L_mouth_out_b_fhd": [
        0.023243457560735675,
        0.0,
        0.0,
        0.0,
        0.0,
        0.023243457560735675,
        0.0,
        0.0,
        0.0,
        0.0,
        0.023243457560735675,
        0.0,
        0.0,
        0.0,
        0.0,
        1.0
    ],
    "L_mouth_out_c_fhd": [
        0.023243457560735675,
        0.0,
        0.0,
        0.0,
        0.0,
        0.023243457560735675,
        0.0,
        0.0,
        0.0,
        0.0,
        0.023243457560735675,
        0.0,
        0.0,
        0.0,
        0.0,
        1.0
    ],
    "L_mouth_out_d_fhd": [
        0.026559736065063563,
        0.0,
        0.0,
        0.0,
        0.0,
        0.026559736065063563,
        0.0,
        0.0,
        0.0,
        0.0,
        0.026559736065063563,
        0.0,
        0.0,
        0.0,
        0.0,
        1.0
    ],
    "L_mouth_out_e_fhd": [
        0.026559736065063563,
        0.0,
        0.0,
        0.0,
        0.0,
        0.026559736065063563,
        0.0,
        0.0,
        0.0,
        0.0,
        0.026559736065063563,
        0.0,
        0.0,
        0.0,
        0.0,
        1.0
    ],
    "L_mouth_out_f_fhd": [
        0.026559736065063563,
        0.0,
        0.0,
        0.0,
        0.0,
        0.026559736065063563,
        0.0,
        0.0,
        0.0,
        0.0,
        0.026559736065063563,
        0.0,
        0.0,
        0.0,
        0.0,
        1.0
    ],
    "L_mouth_out_g_fhd": [
        0.026559736065063563,
        0.0,
        0.0,
        0.0,
        0.0,
        0.026559736065063563,
        0.0,
        0.0,
        0.0,
        0.0,
        0.026559736065063563,
        0.0,
        0.0,
        0.0,
        0.0,
        1.0
    ],
    "L_nose_base_a_fhd": [
        0.05,
        0.0,
        0.0,
        0.0,
        0.0,
        0.05,
        0.0,
        0.0,
        0.0,
        0.0,
        0.05,
        0.0,
        0.0,
        0.0,
        0.0,
        1.0
    ],
    "L_nose_base_b_fhd": [
        0.05,
        0.0,
        0.0,
        0.0,
        0.0,
        0.05,
        0.0,
        0.0,
        0.0,
        0.0,
        0.05,
        0.0,
        0.0,
        0.0,
        0.0,
        1.0
    ],
    "L_nose_flare_a_fhd": [
        0.08000000000000002,
        0.0,
        0.0,
        0.0,
        0.0,
        0.08000000000000002,
        0.0,
        0.0,
        0.0,
        0.0,
        0.08000000000000002,
        0.0,
        0.0,
        0.0,
        0.0,
        1.0
    ],
    "L_nostril_a_fhd": [
        0.05,
        0.0,
        0.0,
        0.0,
        0.0,
        0.05,
        0.0,
        0.0,
        0.0,
        0.0,
        0.05,
        0.0,
        0.0,
        0.0,
        0.0,
        1.0
    ],
    "L_sneer_Ctrl": [
        0.2,
        0.0,
        0.0,
        0.0,
        0.0,
        0.2,
        0.0,
        0.0,
        0.0,
        0.0,
        0.2,
        0.0,
        0.0,
        0.0,
        0.0,
        1.0
    ],
    "L_squint_Ctrl": [
        0.15999999999999992,
        0.0,
        0.0,
        0.0,
        0.0,
        0.15999999999999992,
        0.0,
        0.0,
        0.0,
        0.0,
        0.15999999999999992,
        0.0,
        0.0,
        0.0,
        0.0,
        1.0
    ],
    "L_up_cheek_a_fhd": [
        0.05,
        0.0,
        0.0,
        0.0,
        0.0,
        0.05,
        0.0,
        0.0,
        0.0,
        0.0,
        0.05,
        0.0,
        0.0,
        0.0,
        0.0,
        1.0
    ],
    "L_up_cheek_b_fhd": [
        0.05,
        0.0,
        0.0,
        0.0,
        0.0,
        0.05,
        0.0,
        0.0,
        0.0,
        0.0,
        0.05,
        0.0,
        0.0,
        0.0,
        0.0,
        1.0
    ],
    "L_up_cheek_c_fhd": [
        0.05,
        0.0,
        0.0,
        0.0,
        0.0,
        0.05,
        0.0,
        0.0,
        0.0,
        0.0,
        0.05,
        0.0,
        0.0,
        0.0,
        0.0,
        1.0
    ],
    "L_up_lid_Ctrl": [
        0.1,
        0.0,
        0.0,
        0.0,
        0.0,
        0.1,
        0.0,
        0.0,
        0.0,
        0.0,
        0.1,
        0.0,
        0.0,
        0.0,
        0.0,
        1.0
    ],
    "R_arm_ik_elbow_Ctrl": [
        0.2,
        0.0,
        0.0,
        0.0,
        0.0,
        0.2,
        0.0,
        0.0,
        0.0,
        0.0,
        0.2,
        0.0,
        0.0,
        0.0,
        0.0,
        1.0
    ],
    "R_arm_ik_hand_Ctrl": [
        0.4,
        0.0,
        0.0,
        0.0,
        0.0,
        0.7090707936447529,
        0.0,
        0.0,
        0.0,
        0.0,
        0.4,
        0.0,
        0.0,
        -0.35453539682237645,
        0.0,
        1.0
    ],
    "R_arm_ik_wrist_Ctrl": [
        0.8,
        0.0,
        0.0,
        0.0,
        0.0,
        0.8,
        0.0,
        0.0,
        0.0,
        0.0,
        0.8,
        0.0,
        0.0,
        0.0,
        0.0,
        1.0
    ],
    "R_arm_pin_Ctrl": [
        0.6000000000000001,
        0.0,
        0.0,
        0.0,
        0.0,
        0.6000000000000001,
        0.0,
        0.0,
        0.0,
        0.0,
        0.6000000000000001,
        0.0,
        0.0,
        0.0,
        0.0,
        1.0
    ],
    "R_arm_shoulder_Ctrl": [
        1.0,
        0.0,
        0.0,
        0.0,
        0.0,
        1.2133694686285807,
        0.0,
        0.0,
        0.0,
        0.0,
        1.0,
        0.0,
        0.0,
        -0.6066847343142904,
        0.0,
        1.0
    ],
    "R_arrow_Ctrl": [
        0.4,
        0.0,
        0.0,
        0.0,
        0.0,
        0.4,
        0.0,
        0.0,
        0.0,
        0.0,
        0.4,
        0.0,
        0.0,
        0.0,
        0.0,
        1.0
    ],
    "R_brow_a_fhd": [
        0.05,
        0.0,
        0.0,
        0.0,
        0.0,
        0.05,
        0.0,
        0.0,
        0.0,
        0.0,
        0.05,
        0.0,
        0.0,
        0.0,
        0.07443675993973764,
        1.0
    ],
    "R_brow_b_fhd": [
        0.05,
        0.0,
        0.0,
        0.0,
        0.0,
        0.05,
        0.0,
        0.0,
        0.0,
        0.0,
        0.05,
        0.0,
        0.0,
        0.0,
        0.051241584376729765,
        1.0
    ],
    "R_brow_c_fhd": [
        0.05,
        0.0,
        0.0,
        0.0,
        0.0,
        0.05,
        0.0,
        0.0,
        0.0,
        0.0,
        0.05,
        0.0,
        0.0,
        0.0,
        0.05034339086465289,
        1.0
    ],
    "R_brow_d_fhd": [
        0.05,
        0.0,
        0.0,
        0.0,
        0.0,
        0.05,
        0.0,
        0.0,
        0.0,
        0.0,
        0.05,
        0.0,
        0.0,
        0.0,
        0.0,
        1.0
    ],
    "R_brow_in_Ctrl": [
        0.19,
        0.0,
        0.0,
        0.0,
        0.0,
        0.19,
        0.0,
        0.0,
        0.0,
        0.0,
        0.19,
        0.0,
        0.0,
        0.0,
        0.0,
        1.0
    ],
    "R_brow_mid_Ctrl": [
        0.15090219912370614,
        0.0,
        0.0,
        0.0,
        0.0,
        0.15090219912370614,
        0.0,
        0.0,
        0.0,
        0.0,
        0.15090219912370614,
        0.0,
        0.0,
        0.0,
        0.0,
        1.0
    ],
    "R_brow_out_Ctrl": [
        0.1,
        0.0,
        0.0,
        0.0,
        0.0,
        0.1,
        0.0,
        0.0,
        0.0,
        0.0,
        0.1,
        0.0,
        0.0,
        0.0,
        0.0,
        1.0
    ],
    "R_brow_up_a_fhd": [
        0.05,
        0.0,
        0.0,
        0.0,
        0.0,
        0.05,
        0.0,
        0.0,
        0.0,
        0.0,
        0.05,
        0.0,
        0.0,
        0.0,
        0.0,
        1.0
    ],
    "R_brow_up_b_fhd": [
        0.05,
        0.0,
        0.0,
        0.0,
        0.0,
        0.05,
        0.0,
        0.0,
        0.0,
        0.0,
        0.05,
        0.0,
        0.0,
        0.0,
        0.0,
        1.0
    ],
    "R_brow_up_c_fhd": [
        0.05,
        0.0,
        0.0,
        0.0,
        0.0,
        0.05,
        0.0,
        0.0,
        0.0,
        0.0,
        0.05,
        0.0,
        0.0,
        0.0,
        0.0,
        1.0
    ],
    "R_cheek_a_fhd": [
        0.035248437812302566,
        0.0,
        0.0,
        0.0,
        0.0,
        0.035248437812302566,
        0.0,
        0.0,
        0.0,
        0.0,
        0.035248437812302566,
        0.0,
        0.0,
        0.0,
        0.0,
        1.0
    ],
    "R_cheek_b_fhd": [
        0.035248437812302566,
        0.0,
        0.0,
        0.0,
        0.0,
        0.035248437812302566,
        0.0,
        0.0,
        0.0,
        0.0,
        0.035248437812302566,
        0.0,
        0.0,
        0.0,
        0.0,
        1.0
    ],
    "R_cheek_c_fhd": [
        0.035248437812302566,
        0.0,
        0.0,
        0.0,
        0.0,
        0.035248437812302566,
        0.0,
        0.0,
        0.0,
        0.0,
        0.035248437812302566,
        0.0,
        0.0,
        0.0,
        0.0,
        1.0
    ],
    "R_cheek_d_fhd": [
        0.03733272191897887,
        0.0,
        0.0,
        0.0,
        0.0,
        0.03733272191897887,
        0.0,
        0.0,
        0.0,
        0.0,
        0.03733272191897887,
        0.0,
        0.0,
        0.0,
        0.0,
        1.0
    ],
    "R_cheek_e_fhd": [
        0.05,
        0.0,
        0.0,
        0.0,
        0.0,
        0.05,
        0.0,
        0.0,
        0.0,
        0.0,
        0.05,
        0.0,
        0.0,
        0.0,
        0.0,
        1.0
    ],
    "R_cheek_f_fhd": [
        0.05,
        0.0,
        0.0,
        0.0,
        0.0,
        0.05,
        0.0,
        0.0,
        0.0,
        0.0,
        0.05,
        0.0,
        0.0,
        0.0,
        0.0,
        1.0
    ],
    "R_cheek_g_fhd": [
        0.05,
        0.0,
        0.0,
        0.0,
        0.0,
        0.05,
        0.0,
        0.0,
        0.0,
        0.0,
        0.05,
        0.0,
        0.0,
        0.0,
        0.0,
        1.0
    ],
    "R_down_lid_Ctrl": [
        0.1,
        0.0,
        0.0,
        0.0,
        0.0,
        0.1,
        0.0,
        0.0,
        0.0,
        0.0,
        0.1,
        0.0,
        0.0,
        0.0,
        0.0,
        1.0
    ],
    "R_eye_aim_handle_Ctrl": [
        0.1,
        0.0,
        0.0,
        0.0,
        0.0,
        0.1,
        0.0,
        0.0,
        0.0,
        0.0,
        0.1,
        0.0,
        0.0,
        0.0,
        0.0,
        1.0
    ],
    "R_eyelid_down_edge_a_fhd": [
        0.017,
        0.0,
        0.0,
        0.0,
        0.0,
        0.017,
        0.0,
        0.0,
        0.0,
        0.0,
        0.017,
        0.0,
        0.0,
        0.0,
        0.0,
        1.0
    ],
    "R_eyelid_down_edge_b_fhd": [
        0.017,
        0.0,
        0.0,
        0.0,
        0.0,
        0.017,
        0.0,
        0.0,
        0.0,
        0.0,
        0.017,
        0.0,
        0.0,
        0.0,
        0.0,
        1.0
    ],
    "R_eyelid_down_edge_c_fhd": [
        0.017,
        0.0,
        0.0,
        0.0,
        0.0,
        0.017,
        0.0,
        0.0,
        0.0,
        0.0,
        0.017,
        0.0,
        0.0,
        0.0,
        0.0,
        1.0
    ],
    "R_eyelid_down_edge_d_fhd": [
        0.017,
        0.0,
        0.0,
        0.0,
        0.0,
        0.017,
        0.0,
        0.0,
        0.0,
        0.0,
        0.017,
        0.0,
        0.0,
        0.0,
        0.0,
        1.0
    ],
    "R_eyelid_down_edge_e_fhd": [
        0.017,
        0.0,
        0.0,
        0.0,
        0.0,
        0.017,
        0.0,
        0.0,
        0.0,
        0.0,
        0.017,
        0.0,
        0.0,
        0.0,
        0.0,
        1.0
    ],
    "R_eyelid_down_edge_f_fhd": [
        0.017,
        0.0,
        0.0,
        0.0,
        0.0,
        0.017,
        0.0,
        0.0,
        0.0,
        0.0,
        0.017,
        0.0,
        0.0,
        0.0,
        0.0,
        1.0
    ],
    "R_eyelid_down_edge_g_fhd": [
        0.017,
        0.0,
        0.0,
        0.0,
        0.0,
        0.017,
        0.0,
        0.0,
        0.0,
        0.0,
        0.017,
        0.0,
        0.0,
        0.0,
        0.0,
        1.0
    ],
    "R_eyelid_up_edge_a_fhd": [
        0.017,
        0.0,
        0.0,
        0.0,
        0.0,
        0.017,
        0.0,
        0.0,
        0.0,
        0.0,
        0.017,
        0.0,
        0.0,
        0.0,
        0.0,
        1.0
    ],
    "R_eyelid_up_edge_b_fhd": [
        0.017,
        0.0,
        0.0,
        0.0,
        0.0,
        0.017,
        0.0,
        0.0,
        0.0,
        0.0,
        0.017,
        0.0,
        0.0,
        0.0,
        0.0,
        1.0
    ],
    "R_eyelid_up_edge_c_fhd": [
        0.017,
        0.0,
        0.0,
        0.0,
        0.0,
        0.017,
        0.0,
        0.0,
        0.0,
        0.0,
        0.017,
        0.0,
        0.0,
        0.0,
        0.0,
        1.0
    ],
    "R_eyelid_up_edge_d_fhd": [
        0.017,
        0.0,
        0.0,
        0.0,
        0.0,
        0.017,
        0.0,
        0.0,
        0.0,
        0.0,
        0.017,
        0.0,
        0.0,
        0.0,
        0.0,
        1.0
    ],
    "R_eyelid_up_edge_e_fhd": [
        0.017,
        0.0,
        0.0,
        0.0,
        0.0,
        0.017,
        0.0,
        0.0,
        0.0,
        0.0,
        0.017,
        0.0,
        0.0,
        0.0,
        0.0,
        1.0
    ],
    "R_eyelid_up_edge_f_fhd": [
        0.017,
        0.0,
        0.0,
        0.0,
        0.0,
        0.017,
        0.0,
        0.0,
        0.0,
        0.0,
        0.017,
        0.0,
        0.0,
        0.0,
        0.0,
        1.0
    ],
    "R_eyelid_up_edge_g_fhd": [
        0.017,
        0.0,
        0.0,
        0.0,
        0.0,
        0.017,
        0.0,
        0.0,
        0.0,
        0.0,
        0.017,
        0.0,
        0.0,
        0.0,
        0.0,
        1.0
    ],
    "R_eyelid_up_edge_h_fhd": [
        0.017,
        0.0,
        0.0,
        0.0,
        0.0,
        0.017,
        0.0,
        0.0,
        0.0,
        0.0,
        0.017,
        0.0,
        0.0,
        0.0,
        0.0,
        1.0
    ],
    "R_eyelid_up_edge_i_fhd": [
        0.017,
        0.0,
        0.0,
        0.0,
        0.0,
        0.017,
        0.0,
        0.0,
        0.0,
        0.0,
        0.017,
        0.0,
        0.0,
        0.0,
        0.0,
        1.0
    ],
    "R_fk_arm_b_Ctrl": [
        0.6000000000000001,
        0.0,
        0.0,
        0.0,
        0.0,
        2.3441251859915684,
        0.0,
        0.0,
        0.0,
        0.0,
        0.6000000000000001,
        0.0,
        0.0,
        -1.1720625929957842,
        0.0,
        1.0
    ],
    "R_fk_arm_c_Ctrl": [
        0.6000000000000001,
        0.0,
        0.0,
        0.0,
        0.0,
        2.4882162769944243,
        0.0,
        0.0,
        0.0,
        0.0,
        0.6000000000000001,
        0.0,
        0.0,
        -1.2441081384972121,
        0.0,
        1.0
    ],
    "R_fk_arm_d_Ctrl": [
        0.6000000000000001,
        0.0,
        0.0,
        0.0,
        0.0,
        0.7090707936447542,
        0.0,
        0.0,
        0.0,
        0.0,
        0.6000000000000001,
        0.0,
        0.0,
        -0.3545353968223771,
        0.0,
        1.0
    ],
    "R_fk_hand_index_a_Ctrl": [
        0.25,
        0.0,
        0.0,
        0.0,
        0.0,
        0.44592946774237874,
        0.0,
        0.0,
        0.0,
        0.0,
        0.25,
        0.0,
        0.0,
        -0.22296473387118937,
        0.0,
        1.0
    ],
    "R_fk_hand_index_b_Ctrl": [
        0.25,
        0.0,
        0.0,
        0.0,
        0.0,
        0.3650538777687482,
        0.0,
        0.0,
        0.0,
        0.0,
        0.25,
        0.0,
        0.0,
        -0.1825269388843741,
        0.0,
        1.0
    ],
    "R_fk_hand_index_c_Ctrl": [
        0.25,
        0.0,
        0.0,
        0.0,
        0.0,
        0.2502592716484245,
        0.0,
        0.0,
        0.0,
        0.0,
        0.25,
        0.0,
        0.0,
        -0.12512963582421224,
        0.0,
        1.0
    ],
    "R_fk_hand_index_d_Ctrl": [
        0.25,
        0.0,
        0.0,
        0.0,
        0.0,
        0.20722373782460102,
        0.0,
        0.0,
        0.0,
        0.0,
        0.25,
        0.0,
        0.0,
        -0.10361186891230051,
        0.0,
        1.0
    ],
    "R_fk_hand_middle_a_Ctrl": [
        0.25,
        0.0,
        0.0,
        0.0,
        0.0,
        0.43675477999673845,
        0.0,
        0.0,
        0.0,
        0.0,
        0.25,
        0.0,
        0.0,
        -0.21837738999836923,
        0.0,
        1.0
    ],
    "R_fk_hand_middle_b_Ctrl": [
        0.25,
        0.0,
        0.0,
        0.0,
        0.0,
        0.39827354615766336,
        0.0,
        0.0,
        0.0,
        0.0,
        0.25,
        0.0,
        0.0,
        -0.19913677307883168,
        0.0,
        1.0
    ],
    "R_fk_hand_middle_c_Ctrl": [
        0.25,
        0.0,
        0.0,
        0.0,
        0.0,
        0.2912270272570879,
        0.0,
        0.0,
        0.0,
        0.0,
        0.25,
        0.0,
        0.0,
        -0.14561351362854394,
        0.0,
        1.0
    ],
    "R_fk_hand_middle_d_Ctrl": [
        0.25,
        0.0,
        0.0,
        0.0,
        0.0,
        0.21481619096101642,
        0.0,
        0.0,
        0.0,
        0.0,
        0.25,
        0.0,
        0.0,
        -0.10740809548050821,
        0.0,
        1.0
    ],
    "R_fk_hand_pinky_a_Ctrl": [
        0.25,
        0.0,
        0.0,
        0.0,
        0.0,
        0.4249240835361031,
        0.0,
        0.0,
        0.0,
        0.0,
        0.25,
        0.0,
        0.0,
        -0.21246204176805156,
        0.0,
        1.0
    ],
    "R_fk_hand_pinky_b_Ctrl": [
        0.25,
        0.0,
        0.0,
        0.0,
        0.0,
        0.3330064182099223,
        0.0,
        0.0,
        0.0,
        0.0,
        0.25,
        0.0,
        0.0,
        -0.16650320910496114,
        0.0,
        1.0
    ],
    "R_fk_hand_pinky_c_Ctrl": [
        0.25,
        0.0,
        0.0,
        0.0,
        0.0,
        0.19854225633350492,
        0.0,
        0.0,
        0.0,
        0.0,
        0.25,
        0.0,
        0.0,
        -0.09927112816675246,
        0.0,
        1.0
    ],
    "R_fk_hand_pinky_d_Ctrl": [
        0.25,
        0.0,
        0.0,
        0.0,
        0.0,
        0.14011359289876305,
        0.0,
        0.0,
        0.0,
        0.0,
        0.25,
        0.0,
        0.0,
        -0.07005679644938152,
        0.0,
        1.0
    ],
    "R_fk_hand_ring_a_Ctrl": [
        0.25,
        0.0,
        0.0,
        0.0,
        0.0,
        0.4940992702170299,
        0.0,
        0.0,
        0.0,
        0.0,
        0.25,
        0.0,
        0.0,
        -0.24704963510851494,
        0.0,
        1.0
    ],
    "R_fk_hand_ring_b_Ctrl": [
        0.25,
        0.0,
        0.0,
        0.0,
        0.0,
        0.35106818404691403,
        0.0,
        0.0,
        0.0,
        0.0,
        0.25,
        0.0,
        0.0,
        -0.17553409202345702,
        0.0,
        1.0
    ],
    "R_fk_hand_ring_c_Ctrl": [
        0.25,
        0.0,
        0.0,
        0.0,
        0.0,
        0.2640811174923364,
        0.0,
        0.0,
        0.0,
        0.0,
        0.25,
        0.0,
        0.0,
        -0.1320405587461682,
        0.0,
        1.0
    ],
    "R_fk_hand_ring_d_Ctrl": [
        0.25,
        0.0,
        0.0,
        0.0,
        0.0,
        0.212255713977266,
        0.0,
        0.0,
        0.0,
        0.0,
        0.25,
        0.0,
        0.0,
        -0.106127856988633,
        0.0,
        1.0
    ],
    "R_fk_hand_thumb_a_Ctrl": [
        0.25,
        0.0,
        0.0,
        0.0,
        0.0,
        0.14396215426632086,
        0.0,
        0.0,
        0.0,
        0.0,
        0.25,
        0.0,
        0.0,
        -0.07198107713316043,
        0.0,
        1.0
    ],
    "R_fk_hand_thumb_b_Ctrl": [
        0.25,
        0.0,
        0.0,
        0.0,
        0.0,
        0.1351167998917987,
        0.0,
        0.0,
        0.0,
        0.0,
        0.25,
        0.0,
        0.0,
        -0.06755839994589935,
        0.0,
        1.0
    ],
    "R_fk_hand_thumb_c_Ctrl": [
        0.25,
        0.0,
        0.0,
        0.0,
        0.0,
        0.33655503511015833,
        0.0,
        0.0,
        0.0,
        0.0,
        0.25,
        0.0,
        0.0,
        -0.16827751755507916,
        0.0,
        1.0
    ],
    "R_fk_hand_thumb_d_Ctrl": [
        0.25,
        0.0,
        0.0,
        0.0,
        0.0,
        0.2992075330034332,
        0.0,
        0.0,
        0.0,
        0.0,
        0.25,
        0.0,
        0.0,
        -0.1496037665017166,
        0.0,
        1.0
    ],
    "R_fk_leg_a_Ctrl": [
        0.6000000000000001,
        0.0,
        0.0,
        0.0,
        0.0,
        4.7292704305103985,
        0.0,
        0.0,
        0.0,
        0.0,
        0.6000000000000001,
        0.0,
        0.0,
        -2.3646352152551993,
        0.0,
        1.0
    ],
    "R_fk_leg_b_Ctrl": [
        0.6000000000000001,
        0.0,
        0.0,
        0.0,
        0.0,
        3.3894234845619375,
        0.0,
        0.0,
        0.0,
        0.0,
        0.6000000000000001,
        0.0,
        0.0,
        -1.6947117422809688,
        0.0,
        1.0
    ],
    "R_fk_leg_c_Ctrl": [
        0.6000000000000001,
        0.0,
        0.0,
        0.0,
        0.0,
        1.447991962132387,
        0.0,
        0.0,
        0.0,
        0.0,
        0.6000000000000001,
        0.0,
        0.0,
        -0.7239959810661935,
        0.0,
        1.0
    ],
    "R_fk_leg_d_Ctrl": [
        0.6000000000000001,
        0.0,
        0.0,
        0.0,
        0.0,
        0.4577158505011603,
        0.0,
        0.0,
        0.0,
        0.0,
        0.6000000000000001,
        0.0,
        0.0,
        -0.22885792525058016,
        0.0,
        1.0
    ],
    "R_fk_leg_e_Ctrl": [
        0.6000000000000001,
        0.0,
        0.0,
        0.0,
        0.0,
        0.22980463572347642,
        0.0,
        0.0,
        0.0,
        0.0,
        0.6000000000000001,
        0.0,
        0.0,
        -0.11490231786173821,
        0.0,
        1.0
    ],
    "R_leg_hip_Ctrl": [
        0.4,
        0.0,
        0.0,
        0.0,
        0.0,
        0.4,
        0.0,
        0.0,
        0.0,
        0.0,
        0.4,
        0.0,
        0.0,
        0.0,
        0.0,
        1.0
    ],
    "R_leg_ik_ankle_Ctrl": [
        0.8,
        0.0,
        0.0,
        0.0,
        0.0,
        0.8,
        0.0,
        0.0,
        0.0,
        0.0,
        0.8,
        0.0,
        0.0,
        0.0,
        0.0,
        1.0
    ],
    "R_leg_ik_knee_Ctrl": [
        0.6000000000000001,
        0.0,
        0.0,
        0.0,
        0.0,
        0.6000000000000001,
        0.0,
        0.0,
        0.0,
        0.0,
        0.6000000000000001,
        0.0,
        0.0,
        0.0,
        0.0,
        1.0
    ],
    "R_leg_ik_toe_Ctrl": [
        0.4,
        0.0,
        0.0,
        0.0,
        0.0,
        0.4577158505011601,
        0.0,
        0.0,
        0.0,
        0.0,
        0.4,
        0.0,
        0.0,
        -0.22885792525058005,
        0.0,
        1.0
    ],
    "R_leg_pin_Ctrl": [
        0.6000000000000001,
        0.0,
        0.0,
        0.0,
        0.0,
        0.6000000000000001,
        0.0,
        0.0,
        0.0,
        0.0,
        0.6000000000000001,
        0.0,
        0.0,
        0.0,
        0.0,
        1.0
    ],
    "R_lid_down_crease_a_fhd": [
        0.025,
        0.0,
        0.0,
        0.0,
        0.0,
        0.025,
        0.0,
        0.0,
        0.0,
        0.0,
        0.025,
        0.0,
        0.0,
        0.0,
        0.0,
        1.0
    ],
    "R_lid_down_crease_b_fhd": [
        0.025,
        0.0,
        0.0,
        0.0,
        0.0,
        0.025,
        0.0,
        0.0,
        0.0,
        0.0,
        0.025,
        0.0,
        0.0,
        0.0,
        0.0,
        1.0
    ],
    "R_lid_down_crease_c_fhd": [
        0.025,
        0.0,
        0.0,
        0.0,
        0.0,
        0.025,
        0.0,
        0.0,
        0.0,
        0.0,
        0.025,
        0.0,
        0.0,
        0.0,
        0.0,
        1.0
    ],
    "R_lid_down_crease_d_fhd": [
        0.025,
        0.0,
        0.0,
        0.0,
        0.0,
        0.025,
        0.0,
        0.0,
        0.0,
        0.0,
        0.025,
        0.0,
        0.0,
        0.0,
        0.0,
        1.0
    ],
    "R_lid_up_crease_a_fhd": [
        0.025,
        0.0,
        0.0,
        0.0,
        0.0,
        0.025,
        0.0,
        0.0,
        0.0,
        0.0,
        0.025,
        0.0,
        0.0,
        0.0,
        0.0,
        1.0
    ],
    "R_lid_up_crease_b_fhd": [
        0.025,
        0.0,
        0.0,
        0.0,
        0.0,
        0.025,
        0.0,
        0.0,
        0.0,
        0.0,
        0.025,
        0.0,
        0.0,
        0.0,
        0.0,
        1.0
    ],
    "R_lid_up_crease_c_fhd": [
        0.025,
        0.0,
        0.0,
        0.0,
        0.0,
        0.025,
        0.0,
        0.0,
        0.0,
        0.0,
        0.025,
        0.0,
        0.0,
        0.0,
        0.0,
        1.0
    ],
    "R_lid_up_crease_d_fhd": [
        0.025,
        0.0,
        0.0,
        0.0,
        0.0,
        0.025,
        0.0,
        0.0,
        0.0,
        0.0,
        0.025,
        0.0,
        0.0,
        0.0,
        0.0,
        1.0
    ],
    "R_lid_up_crease_e_fhd": [
        0.025,
        0.0,
        0.0,
        0.0,
        0.0,
        0.025,
        0.0,
        0.0,
        0.0,
        0.0,
        0.025,
        0.0,
        0.0,
        0.0,
        0.0,
        1.0
    ],
    "R_lid_up_crease_f_fhd": [
        0.025,
        0.0,
        0.0,
        0.0,
        0.0,
        0.025,
        0.0,
        0.0,
        0.0,
        0.0,
        0.025,
        0.0,
        0.0,
        0.0,
        0.0,
        1.0
    ],
    "R_lip_down_a_fhd": [
        0.0176996463704088,
        0.0,
        0.0,
        0.0,
        0.0,
        0.0176996463704088,
        0.0,
        0.0,
        0.0,
        0.0,
        0.0176996463704088,
        0.0,
        0.0,
        -0.04002924523579132,
        0.03921573398621492,
        1.0
    ],
    "R_lip_down_b_fhd": [
        0.0176996463704088,
        0.0,
        0.0,
        0.0,
        0.0,
        0.0176996463704088,
        0.0,
        0.0,
        0.0,
        0.0,
        0.0176996463704088,
        0.0,
        0.0,
        -0.02764346749220259,
        0.03921573398621492,
        1.0
    ],
    "R_lip_down_c_fhd": [
        0.0176996463704088,
        0.0,
        0.0,
        0.0,
        0.0,
        0.0176996463704088,
        0.0,
        0.0,
        0.0,
        0.0,
        0.0176996463704088,
        0.0,
        0.0,
        -0.01630664309319485,
        0.03921573398621492,
        1.0
    ],
    "R_lip_down_d_fhd": [
        0.01336286599739109,
        0.0,
        0.0,
        0.0,
        0.0,
        0.01336286599739109,
        0.0,
        0.0,
        0.0,
        0.0,
        0.01336286599739109,
        0.0,
        0.0028367607210707524,
        -0.01492889230496175,
        0.035276016652368236,
        1.0
    ],
    "R_lip_up_a_fhd": [
        0.0176996463704088,
        0.0,
        0.0,
        0.0,
        0.0,
        0.0176996463704088,
        0.0,
        0.0,
        0.0,
        0.0,
        0.0176996463704088,
        0.0,
        0.0,
        0.018966382429276507,
        0.04417632802790683,
        1.0
    ],
    "R_lip_up_b_fhd": [
        0.0176996463704088,
        0.0,
        0.0,
        0.0,
        0.0,
        0.0176996463704088,
        0.0,
        0.0,
        0.0,
        0.0,
        0.0176996463704088,
        0.0,
        0.0,
        0.018966382429276507,
        0.04417632802790683,
        1.0
    ],
    "R_lip_up_c_fhd": [
        0.0176996463704088,
        0.0,
        0.0,
        0.0,
        0.0,
        0.0176996463704088,
        0.0,
        0.0,
        0.0,
        0.0,
        0.0176996463704088,
        0.0,
        -0.005934908947863832,
        0.018966382429278283,
        0.04417632802790683,
        1.0
    ],
    "R_lip_up_d_fhd": [
        0.01336286599739109,
        0.0,
        0.0,
        0.0,
        0.0,
        0.01336286599739109,
        0.0,
        0.0,
        0.0,
        0.0,
        0.01336286599739109,
        0.0,
        -0.01250423911461468,
        0.014310359584934318,
        0.049180510714556536,
        1.0
    ],
    "R_lip_up_e_fhd": [
        0.01963983660581063,
        0.0,
        0.0,
        0.0,
        0.0,
        0.01963983660581063,
        0.0,
        0.0,
        0.0,
        0.0,
        0.01963983660581063,
        0.0,
        -0.04168002944106225,
        -0.002455580937946067,
        0.022764781510811627,
        1.0
    ],
    "R_mouth_cheek_Ctrl": [
        0.25,
        0.0,
        0.0,
        0.0,
        0.0,
        0.25,
        0.0,
        0.0,
        0.0,
        0.0,
        0.25,
        0.0,
        0.0,
        0.0,
        0.0,
        1.0
    ],
    "R_mouth_out_a_fhd": [
        0.023243457560735675,
        0.0,
        0.0,
        0.0,
        0.0,
        0.023243457560735675,
        0.0,
        0.0,
        0.0,
        0.0,
        0.023243457560735675,
        0.0,
        0.0,
        0.0,
        0.0,
        1.0
    ],
    "R_mouth_out_b_fhd": [
        0.023243457560735675,
        0.0,
        0.0,
        0.0,
        0.0,
        0.023243457560735675,
        0.0,
        0.0,
        0.0,
        0.0,
        0.023243457560735675,
        0.0,
        0.0,
        0.0,
        0.0,
        1.0
    ],
    "R_mouth_out_c_fhd": [
        0.023243457560735675,
        0.0,
        0.0,
        0.0,
        0.0,
        0.023243457560735675,
        0.0,
        0.0,
        0.0,
        0.0,
        0.023243457560735675,
        0.0,
        0.0,
        0.0,
        0.0,
        1.0
    ],
    "R_mouth_out_d_fhd": [
        0.026559736065063563,
        0.0,
        0.0,
        0.0,
        0.0,
        0.026559736065063563,
        0.0,
        0.0,
        0.0,
        0.0,
        0.026559736065063563,
        0.0,
        0.0,
        0.0,
        0.0,
        1.0
    ],
    "R_mouth_out_e_fhd": [
        0.026559736065063563,
        0.0,
        0.0,
        0.0,
        0.0,
        0.026559736065063563,
        0.0,
        0.0,
        0.0,
        0.0,
        0.026559736065063563,
        0.0,
        0.0,
        0.0,
        0.0,
        1.0
    ],
    "R_mouth_out_f_fhd": [
        0.026559736065063563,
        0.0,
        0.0,
        0.0,
        0.0,
        0.026559736065063563,
        0.0,
        0.0,
        0.0,
        0.0,
        0.026559736065063563,
        0.0,
        0.0,
        0.0,
        0.0,
        1.0
    ],
    "R_mouth_out_g_fhd": [
        0.026559736065063563,
        0.0,
        0.0,
        0.0,
        0.0,
        0.026559736065063563,
        0.0,
        0.0,
        0.0,
        0.0,
        0.026559736065063563,
        0.0,
        0.0,
        0.0,
        0.0,
        1.0
    ],
    "R_nose_base_a_fhd": [
        0.05,
        0.0,
        0.0,
        0.0,
        0.0,
        0.05,
        0.0,
        0.0,
        0.0,
        0.0,
        0.05,
        0.0,
        0.0,
        0.0,
        0.0,
        1.0
    ],
    "R_nose_base_b_fhd": [
        0.05,
        0.0,
        0.0,
        0.0,
        0.0,
        0.05,
        0.0,
        0.0,
        0.0,
        0.0,
        0.05,
        0.0,
        0.0,
        0.0,
        0.0,
        1.0
    ],
    "R_nose_flare_a_fhd": [
        0.08000000000000002,
        0.0,
        0.0,
        0.0,
        0.0,
        0.08000000000000002,
        0.0,
        0.0,
        0.0,
        0.0,
        0.08000000000000002,
        0.0,
        0.0,
        0.0,
        0.0,
        1.0
    ],
    "R_nostril_a_fhd": [
        0.05,
        0.0,
        0.0,
        0.0,
        0.0,
        0.05,
        0.0,
        0.0,
        0.0,
        0.0,
        0.05,
        0.0,
        0.0,
        0.0,
        0.0,
        1.0
    ],
    "R_sneer_Ctrl": [
        0.2,
        0.0,
        0.0,
        0.0,
        0.0,
        0.2,
        0.0,
        0.0,
        0.0,
        0.0,
        0.2,
        0.0,
        0.0,
        0.0,
        0.0,
        1.0
    ],
    "R_squint_Ctrl": [
        0.15999999999999992,
        0.0,
        0.0,
        0.0,
        0.0,
        0.15999999999999992,
        0.0,
        0.0,
        0.0,
        0.0,
        0.15999999999999992,
        0.0,
        0.0,
        0.0,
        0.0,
        1.0
    ],
    "R_up_cheek_a_fhd": [
        0.05,
        0.0,
        0.0,
        0.0,
        0.0,
        0.05,
        0.0,
        0.0,
        0.0,
        0.0,
        0.05,
        0.0,
        0.0,
        0.0,
        0.0,
        1.0
    ],
    "R_up_cheek_b_fhd": [
        0.05,
        0.0,
        0.0,
        0.0,
        0.0,
        0.05,
        0.0,
        0.0,
        0.0,
        0.0,
        0.05,
        0.0,
        0.0,
        0.0,
        0.0,
        1.0
    ],
    "R_up_cheek_c_fhd": [
        0.05,
        0.0,
        0.0,
        0.0,
        0.0,
        0.05,
        0.0,
        0.0,
        0.0,
        0.0,
        0.05,
        0.0,
        0.0,
        0.0,
        0.0,
        1.0
    ],
    "R_up_lid_Ctrl": [
        0.1,
        0.0,
        0.0,
        0.0,
        0.0,
        0.1,
        0.0,
        0.0,
        0.0,
        0.0,
        0.1,
        0.0,
        0.0,
        0.0,
        0.0,
        1.0
    ]
}