{
    "base_type": "ContainerGuide",
    "custom_handles": false,
    "deformation_rig_enabled": true,
    "delete_geometry_names": [],
    "finalize_scripts": [],
    "geometry_paths": [],
    "index": null,
    "klass": "BipedGuide",
    "module": "rig_factory.objects.biped_objects.biped",
    "name": "biped",
    "node_type": "transform",
    "origin_geometry_names": {},
    "parent_joint_data": {
        "joint_count": 0,
        "joint_data": []
    },
    "parts": [],
    "post_scripts": [],
    "pretty_name": "biped",
    "rig_data": {
        "custom_constraint_data": [],
        "custom_handles": false,
        "custom_plug_data": [],
        "deformer_data": [],
        "deformer_stack_data": {},
        "delta_mush": [],
        "handle_shapes": {},
        "sdks": [],
        "shard_skin_cluster_data": [],
        "skin_clusters": [],
        "space_switchers": {},
        "wrap": []
    },
    "root_name": "biped",
    "side": null,
    "size": 1.0,
    "skin_clusters": [],
    "utility_geometry_paths": [],
    "uuid": "8a456a92-2260-41c5-9894-74ac6804a858"
}