{
    "base_type": "ContainerGuide",
    "deformation_rig_enabled": true,
    "delete_geometry_names": [],
    "finalize_scripts": [],
    "geometry_paths": [],
    "index": null,
    "klass": "PropGuide",
    "module": "rig_factory.objects.part_objects.prop",
    "name": "prop",
    "node_type": "transform",
    "origin_geometry_names": {},
    "parent_joint_names": [],
    "parts": [],
    "post_scripts": [],
    "pretty_name": "prop",
    "rig_data": {},
    "root_name": "prop",
    "side": null,
    "size": 1.0,
    "skin_clusters": [],
    "utility_geometry_paths": [],
    "uuid": "76ba358b-d3e9-4bb6-bc9b-4460079d36f6"
}